,UniProt ID,InChI Key,canonical_smiles,Isomeric_smiles,Parameter,Value,Unit,Database Source,Database Target ID,Database Ligand ID,Reference
0,P18901,YMTZSXGHAFKWEQ-ZDUSSCGKSA-N,CCC1=C(C(=C(C=C1)OC)C(=O)NCC2CCCN2CC)O,CCC1=C(C(=C(C=C1)OC)C(=O)NC[C@@H]2CCCN2CC)O,Ki,>10000,nM,BindingDB,,50026059,2869639
1,P18901,QKDDJDBFONZGBW-UHFFFAOYSA-N,C1CCC(CC1)NC(=S)N2CCC(CC2)C3=CN=CN3,C1CCC(CC1)NC(=S)N2CCC(CC2)C3=CN=CN3,Ki,>10000,nM,BindingDB,,22914,8564266
2,P18901,PFFDGIPVWUVXJJ-PXNSSMCTSA-N,CN1CCC2=CC(=C(C=C2C3C1CCC4=CC=CC=C34)OC)O,CN1CCC2=CC(=C(C=C2[C@H]3[C@@H]1CCC4=CC=CC=C34)OC)O,Ki,24397,nM,BindingDB,,50017822,2666667
3,P18901,MNRGHKYZSUNTQE-CQSZACIVSA-N,CC1=C(C2=C(CC3C4=C2C=CC=C4CCN3)C=C1)O,CC1=C(C2=C(C[C@@H]3C4=C2C=CC=C4CCN3)C=C1)O,Ki,>20000,nM,ChEMBL,CHEMBL265,CHEMBL116367,17228858
4,P18901,LPLZFZAIOWVRTJ-UHFFFAOYSA-N,C1CN(CC=C1C2=CC=CC=C2)CCC#CC3=NC=C(C=C3)N,C1CN(CC=C1C2=CC=CC=C2)CCC#CC3=NC=C(C=C3)N,Ki,>10000,nM,ChEMBL,CHEMBL265,CHEMBL109101,8759640
5,P18901,VNADFOGBKXRWGC-RIYZIHGNSA-N,CC(=CC(CC(=CCOC1=CC2=C(C=C1)C=CC(=O)O2)C)O)C,CC(=CC(C/C(=C/COC1=CC2=C(C=C1)C=CC(=O)O2)/C)O)C,Ki,>10000,nM,ChEMBL,CHEMBL265,CHEMBL408980,18166466
6,P18901,GYOHDBSQAACLOI-UHFFFAOYSA-N,CN(C)CCCCN1CCC2=CC(=C(C=C2C(C1)C3=CC=CC=C3)OC)OC,CN(C)CCCCN1CCC2=CC(=C(C=C2C(C1)C3=CC=CC=C3)OC)OC,Ki,>10000,nM,ChEMBL,CHEMBL265,CHEMBL133086,7473556
7,P18901,KTIXCJUKKFEAAE-UHFFFAOYSA-N,C1CN(CCN1CCNC(=O)C2=CC=NC=C2)C3=CC=CC=N3,C1CN(CCN1CCNC(=O)C2=CC=NC=C2)C3=CC=CC=N3,Ki,>10000,nM,BindingDB,,50145585,26820556
8,P18901,BTCSSZJGUNDROE-UHFFFAOYSA-N,C(CC(=O)O)CN,C(CC(=O)O)CN,Ki,>10000,nM,BindingDB,,24183,6387355
9,P18901,OJZZJTLBYXHUSJ-UHFFFAOYSA-N,CN1C=CC2=C1C=CC(=C2)NC(=O)NC3=CN=CC=C3,CN1C=CC2=C1C=CC(=C2)NC(=O)NC3=CN=CC=C3,Ki,>10000,nM,BindingDB,,82272,8788493
10,P18901,PCSRINCTRTWFDX-UHFFFAOYSA-N,COC1=CC=CC=C1N2CCN(CC2)CCCN=C(C3=CC=NC=C3)NC#N,COC1=CC=CC=C1N2CCN(CC2)CCCN=C(C3=CC=NC=C3)NC#N,Ki,>10000,nM,ChEMBL,CHEMBL265,CHEMBL1099374,20347301
11,P18901,IFINZBGVEALRFP-RTBURBONSA-N,CN(CC=C)C1CC2=C(C1C3=CC=CC=C3)C=CC(=C2)O,CN(CC=C)[C@@H]1CC2=C([C@H]1C3=CC=CC=C3)C=CC(=C2)O,Ki,>1000,nM,BindingDB,,50054086,8863801
12,P18901,ORESESSHUCUUFK-UHFFFAOYSA-N,C1CN(CCN1CCCCCCN2CCN(CC2)C3=CC=CC=C3)C4=CC=CC=C4,C1CN(CCN1CCCCCCN2CCN(CC2)C3=CC=CC=C3)C4=CC=CC=C4,Ki,>1000,nM,BindingDB,,50322374,20481570
13,P18901,DMQPHRQAXQYLGW-UHFFFAOYSA-N,C1CN(CCN1CCN2C(=O)C3=C(C=C(N3)C4=CC=C(C=C4)Cl)NC2=O)C5=CC=CC=C5Cl,C1CN(CCN1CCN2C(=O)C3=C(C=C(N3)C4=CC=C(C=C4)Cl)NC2=O)C5=CC=CC=C5Cl,Ki,>10000,nM,ChEMBL,CHEMBL265,CHEMBL191425,15801833
14,P18901,XYKYEUZINFOQBW-UHFFFAOYSA-N,CCCCC1C2=CC(=C(C=C2CCN1)Cl)OC,CCCCC1C2=CC(=C(C=C2CCN1)Cl)OC,Ki,17258.38,nM,ChEMBL,CHEMBL265,CHEMBL574418,19540762
15,P18901,MHGRSFGKSQVLIY-UHFFFAOYSA-N,C1CN(CCN1CCCCN2CCN3C4=CC=CC=C4C=C3C2=O)C5=CC=CC(=C5)C#N,C1CN(CCN1CCCCN2CCN3C4=CC=CC=C4C=C3C2=O)C5=CC=CC(=C5)C#N,Ki,>10000,nM,ChEMBL,CHEMBL265,CHEMBL497573,19072656
16,P18901,SEOCRZIFZOBRNU-MRXNPFEDSA-N,CN1CCC2=C(C1C3=CC=CC=C3)C=CC(=C2)O,CN1CCC2=C([C@H]1C3=CC=CC=C3)C=CC(=C2)O,Ki,>5000,nM,BindingDB,,50038352,7996543
17,P18901,CYNHGJORJGHXEX-UHFFFAOYSA-N,C1CN(CCN1CCCCNC(=O)C2=CC3=CC=CC=C3N2)C4=C(C=C(C=C4)Cl)Cl,C1CN(CCN1CCCCNC(=O)C2=CC3=CC=CC=C3N2)C4=C(C=C(C=C4)Cl)Cl,Ki,>10000,nM,BindingDB,,50131925,12930145
18,P18901,NVTZFGIFPDGDLF-RTBURBONSA-N,CCCN(C)C1CC2=C(C1C3=CC=CC=C3)C=CC(=C2)O,CCCN(C)[C@@H]1CC2=C([C@H]1C3=CC=CC=C3)C=CC(=C2)O,Ki,>1000,nM,ChEMBL,CHEMBL265,CHEMBL135414,8863801
19,P18901,WHUUTDBJXJRKMK-VKHMYHEASA-N,[H+].C(CC(=O)O)C(C(=O)[O-])N,[H+].C(CC(=O)O)[C@@H](C(=O)[O-])N,Ki,>10000,nM,BindingDB,,17657,6387355
20,P18901,OOKNJSVAHXTYKL-UHFFFAOYSA-N,C1CN(CCN1CC2=CNC3=C2C=CC=N3)C4=CC=CC=C4F,C1CN(CCN1CC2=CNC3=C2C=CC=N3)C4=CC=CC=C4F,Ki,>10000,nM,ChEMBL,CHEMBL265,CHEMBL282424,11378358
21,P18901,RQCXKDWOCUJWQZ-UHFFFAOYSA-N,C1COCCN1C2=NC=C(C=C2)C3=NC4=C(C(=C3)C5=CC(=CC=C5)Br)C(=NC=N4)N,C1COCCN1C2=NC=C(C=C2)C3=NC4=C(C(=C3)C5=CC(=CC=C5)Br)C(=NC=N4)N,Ki,>10000,nM,BindingDB,,50094703,11082453
22,P18901,QRQZDZPCRVUFNL-UHFFFAOYSA-N,CCCC1=CC=C(C=C1)N2CCN(CC2)CC3=CNC4=C3C=CC=N4,CCCC1=CC=C(C=C1)N2CCN(CC2)CC3=CNC4=C3C=CC=N4,Ki,>10000,nM,BindingDB,,50099894,11378358
23,P18901,HHGVGUFLXPKXPZ-CQSZACIVSA-N,CCN(C1CC2=C(C=CC=C2OC1)C(=O)NC(C)C)C(C)C,CCN([C@@H]1CC2=C(C=CC=C2OC1)C(=O)NC(C)C)C(C)C,Ki,>1000,nM,ChEMBL,CHEMBL265,CHEMBL2112383,10956192
24,P18901,BGRJTUBHPOOWDU-UHFFFAOYSA-N,CCN1CCCC1CNC(=O)C2=C(C=CC(=C2)S(=O)(=O)N)OC,CCN1CCCC1CNC(=O)C2=C(C=CC(=C2)S(=O)(=O)N)OC,Ki,>10000,nM,BindingDB,,11638,2869639
25,P18901,VWTDJIDABVMGQN-UHFFFAOYSA-N,C1CNC(C2=CC=CC=C21)CC3=CC(=C(C=C3)O)O,C1CNC(C2=CC=CC=C21)CC3=CC(=C(C=C3)O)O,Ki,174840,nM,BindingDB,,50090489,10937721
26,P18901,LNPVICSOCJDSPK-KRWDZBQOSA-N,CC1=CC=CC(=C1)C2CN(CCC3=C(C=C(C=C23)O)Cl)C,CC1=CC=CC(=C1)[C@@H]2CN(CCC3=C(C=C(C=C23)O)Cl)C,Ki,>10000,nM,BindingDB,,86279,12921854
27,P18901,MMOUCXURXGTLHC-PKLMIRHRSA-N,CC(C)CN1CCC2=CC=CC3=C2C1CC4=C3C(=C(C=C4)O)O.Cl,CC(C)CN1CCC2=CC=CC3=C2[C@H]1CC4=C3C(=C(C=C4)O)O.Cl,Ki,>10000,nM,ChEMBL,CHEMBL265,CHEMBL540577,2136919
28,P18901,LMQFWBCKQMNEEH-UHFFFAOYSA-N,CCC1=CC=CC=C1N2CCNCC2,CCC1=CC=CC=C1N2CCNCC2,Ki,>1000,nM,ChEMBL,CHEMBL265,CHEMBL9467,2565400
29,P18901,SWOYTIGXQORDEW-CQSZACIVSA-N,C1CN(C2CC3=C(C4=C2C1=CC=C4)C(=C(C=C3)O)O)CCO,C1CN([C@@H]2CC3=C(C4=C2C1=CC=C4)C(=C(C=C3)O)O)CCO,Ki,>10000,nM,BindingDB,,50012987,2136919
30,P18901,XVVQTXOUNBDUSY-UHFFFAOYSA-N,C1CN(CCN1CCON2C(=O)C3C4CC(C3C2=O)C=C4)C5=CC=CC6=CC=CC=C65,C1CN(CCN1CCON2C(=O)C3C4CC(C3C2=O)C=C4)C5=CC=CC6=CC=CC=C65,Ki,>10000,nM,ChEMBL,CHEMBL265,CHEMBL1783350,21440338
31,P18901,VMWNQDUVQKEIOC-CYBMUJFWSA-N,CN1CCC2=CC=CC3=C2C1CC4=C3C(=C(C=C4)O)O,CN1CCC2=CC=CC3=C2[C@H]1CC4=C3C(=C(C=C4)O)O,Ki,>221,nM,BindingDB,,50001955,7932581
32,P18901,WJLQHAGLYICAJM-CQSZACIVSA-N,COC1=CC=CC2=C1C3=C4C(C2)NCCC4=CC=C3,COC1=CC=CC2=C1C3=C4[C@@H](C2)NCCC4=CC=C3,Ki,>5000,nM,ChEMBL,CHEMBL265,CHEMBL119132,8784448
34,P18901,RRLWEQBPSAFVAS-UHFFFAOYSA-N,CC1=C(C(=CC=C1)N2CCN(CC2)CCCOC3=CC4=C(C=C3)C=CC(=O)N4)C,CC1=C(C(=CC=C1)N2CCN(CC2)CCCOC3=CC4=C(C=C3)C=CC(=O)N4)C,Ki,>10000,nM,BindingDB,,82065,10327430
36,P18901,ALFGDCNSEBJYSP-UHFFFAOYSA-N,CC(CC1=CNC2=C1C=C(C=C2)OCC3=CC=CS3)N,CC(CC1=CNC2=C1C=C(C=C2)OCC3=CC=CS3)N,Ki,>10000,nM,BindingDB,,82472,9144661
37,P18901,YRBNPVDPNYJOMH-UHFFFAOYSA-N,C1CN(CC1C2=CC=CC=C2)CCCCN3C(=O)C4=CC=CC=C4S3(=O)=O,C1CN(CC1C2=CC=CC=C2)CCCCN3C(=O)C4=CC=CC=C4S3(=O)=O,Ki,12502,nM,ChEMBL,CHEMBL265,CHEMBL28831,10360740
38,P18901,JCCYAZCVHKZJFG-UHFFFAOYSA-N,C1CN(CCN1CCNC(=O)C2=CC=NC=C2)C3=CC(=CC=C3)Cl,C1CN(CCN1CCNC(=O)C2=CC=NC=C2)C3=CC(=CC=C3)Cl,Ki,>10000,nM,ChEMBL,CHEMBL265,CHEMBL3764539,26820556
39,P18901,ZHZCEXHTNIXXPU-UHFFFAOYSA-N,CCCN(CCC)C1CC2=C(C=CC=C2OC1)C(=O)NC(C)C,CCCN(CCC)C1CC2=C(C=CC=C2OC1)C(=O)NC(C)C,Ki,>1000,nM,BindingDB,,50090759,10956192
40,P18901,WZSCCMIZBBXQBU-UHFFFAOYSA-N,CN1CCC2=CC(=C(C3=C2C(=CN3C4=CC=C(C=C4)F)C1)OC)OC,CN1CCC2=CC(=C(C3=C2C(=CN3C4=CC=C(C=C4)F)C1)OC)OC,Ki,>1000,nM,BindingDB,,50069017,9871525
41,P18901,RTKDBEOSPDFLGD-QGZVFWFLSA-N,C1COC(CN1)COC2=CC=CC3=C2OCC(=C3)CN4CCOCC4,C1CO[C@H](CN1)COC2=CC=CC3=C2OCC(=C3)CN4CCOCC4,Ki,>10000,nM,BindingDB,,50369356,9599242
42,P18901,AFUIBDRITZEBAF-UHFFFAOYSA-N,C1CN(CCN1CCCCNC(=O)C2=CC3=CC=CC=C3O2)C4=CC=CC(=C4)C#N,C1CN(CCN1CCCCNC(=O)C2=CC3=CC=CC=C3O2)C4=CC=CC(=C4)C#N,Ki,>10000,nM,BindingDB,,50265759,19072656
43,P18901,FBQIUSDQWOLCNY-UHFFFAOYSA-N,CCOC1=CC=CC=C1N2CCNCC2,CCOC1=CC=CC=C1N2CCNCC2,Ki,>1000,nM,BindingDB,,50017454,2565400
44,P18901,DZZIAERGLDKTBT-UHFFFAOYSA-N,CCCCN1CCC(CC1)COC(=O)C2=CC(=C(C=C2)N)OC,CCCCN1CCC(CC1)COC(=O)C2=CC(=C(C=C2)N)OC,Ki,>10000,nM,ChEMBL,CHEMBL265,CHEMBL1258452,20812727
45,P18901,UNYZCCDZGZDKJH-UHFFFAOYSA-N,CN1CCC2=C3C(=CNC3=CC=C2)C1,CN1CCC2=C3C(=CNC3=CC=C2)C1,Ki,>1000,nM,BindingDB,,50069022,9871525
46,P18901,DSHAQKQNBSNNEJ-UHFFFAOYSA-N,CC1=CC=C(C=C1)C2=CC3=C(N2)C(=O)N(C(=O)N3)CCN4CCN(CC4)C5=CC=CC=C5Cl,CC1=CC=C(C=C1)C2=CC3=C(N2)C(=O)N(C(=O)N3)CCN4CCN(CC4)C5=CC=CC=C5Cl,Ki,>10000,nM,BindingDB,,50164343,15801833
47,P18901,YCXFHPUBGMMWJQ-PMERELPUSA-N,CC1=CC(=CC=C1)NC(=O)NC2C(=O)N(C3=CC=CC=C3C(=N2)C4=CC=CC=C4)CC(=O)C5=CC=CC=C5C,CC1=CC(=CC=C1)NC(=O)N[C@H]2C(=O)N(C3=CC=CC=C3C(=N2)C4=CC=CC=C4)CC(=O)C5=CC=CC=C5C,Ki,>10000,nM,BindingDB,,50056101,7910212
48,P18901,BFHVQDBLFZYJPG-HNNXBMFYSA-N,CN(C)C1CCC2=C(C=CC=C2C1)C3=C(C=CC=C3OC)OC,CN(C)[C@H]1CCC2=C(C=CC=C2C1)C3=C(C=CC=C3OC)OC,Ki,>1000,nM,ChEMBL,CHEMBL265,CHEMBL363466,15267230
49,P18901,OXXWZHKBQVSZRB-UHFFFAOYSA-N,C1CN(CCN1CCCN=C(C2=CC=CC=N2)NC#N)C3=CC=CC(=C3)C(F)(F)F,C1CN(CCN1CCCN=C(C2=CC=CC=N2)NC#N)C3=CC=CC(=C3)C(F)(F)F,Ki,>10000,nM,ChEMBL,CHEMBL265,CHEMBL1927095,22133459
50,P18901,DTTGUKXBOVDIES-UHFFFAOYSA-N,COC1=CC(=C(C=C1C(=O)NC2CCN3CCC2C3)Cl)N,COC1=CC(=C(C=C1C(=O)NC2CCN3CCC2C3)Cl)N,Ki,>10000,nM,ChEMBL,CHEMBL265,CHEMBL159825,1573641
51,P18901,XISSXEYXFUJWDA-UHFFFAOYSA-N,COC1=CC=CC=C1N2CCN(CC2)CCNCC3=COC(=N3)C4=CC5=CC=CC=C5C=C4,COC1=CC=CC=C1N2CCN(CC2)CCNCC3=COC(=N3)C4=CC5=CC=CC=C5C=C4,Ki,>10000,nM,BindingDB,,50131929,12930145
52,P18901,AAKZKXONERDTDD-UHFFFAOYSA-N,C1CN(CCN1CCCN=C(C2=CC=NC=C2)NC#N)C3=CC=CC4=CC=CC=C43,C1CN(CCN1CCCN=C(C2=CC=NC=C2)NC#N)C3=CC=CC4=CC=CC=C43,Ki,>10000,nM,ChEMBL,CHEMBL265,CHEMBL1783352,21440338
53,P18901,LARDWCCMZDLNEL-GOSISDBHSA-N,CC1=C(C2=C(CC3C4=C2C=CC=C4CCN3C(C)C)C=C1)OC,CC1=C(C2=C(C[C@@H]3C4=C2C=CC=C4CCN3C(C)C)C=C1)OC,Ki,>5000,nM,ChEMBL,CHEMBL265,CHEMBL332490,8784447
54,P18901,CYHFTDWWMJQUST-GFCCVEGCSA-N,CC(C)NC1CC2=C(C=CC=C2OC1)C(=O)NC(C)C,CC(C)N[C@@H]1CC2=C(C=CC=C2OC1)C(=O)NC(C)C,Ki,>1000,nM,ChEMBL,CHEMBL265,CHEMBL2112384,10956192
55,P18901,LHHZRIYUOZPKSG-UHFFFAOYSA-N,C1CN(CCN1)C2=CC(=CC=C2)[N+](=O)[O-],C1CN(CCN1)C2=CC(=CC=C2)[N+](=O)[O-],Ki,>1000,nM,ChEMBL,CHEMBL265,CHEMBL267153,2565400
56,P18901,AEQHEVDDTLOOMD-UHFFFAOYSA-N,C1CN(CCN1CCCCCCN2CCN(CC2)C3=CC=NC4=CC=CC=C43)C5=CC=CC=C5,C1CN(CCN1CCCCCCN2CCN(CC2)C3=CC=NC4=CC=CC=C43)C5=CC=CC=C5,Ki,>1000,nM,ChEMBL,CHEMBL265,CHEMBL1173017,20481570
57,P18901,FVMSCSAZMNXMPH-MRXNPFEDSA-N,CN1CCC2=CC(=C(C=C2C1C3=CC=CC=C3)O)Br,CN1CCC2=CC(=C(C=C2[C@H]1C3=CC=CC=C3)O)Br,Ki,>5000,nM,BindingDB,,50038347,7996543
58,P18901,PBQPCCMEDMVKBH-UHFFFAOYSA-N,CC1=CC(=CC=C1)N2CCN(CC2)CCCCCCN3CCN(CC3)C4=CC=CC(=N4)C,CC1=CC(=CC=C1)N2CCN(CC2)CCCCCCN3CCN(CC3)C4=CC=CC(=N4)C,Ki,>1000,nM,ChEMBL,CHEMBL265,CHEMBL1173077,20481570
59,P18901,LHRSLSNYJPWXLS-UHFFFAOYSA-N,COC1=CC=CC(=C1)N2CCN(CC2)CCCCCCN3CCN(CC3)C4=CC(=CC=C4)Cl,COC1=CC=CC(=C1)N2CCN(CC2)CCCCCCN3CCN(CC3)C4=CC(=CC=C4)Cl,Ki,>1000,nM,ChEMBL,CHEMBL265,CHEMBL1173143,20481570
60,P18901,CNZZVIOBKWRMHA-UHFFFAOYSA-N,CC1(CC2CC(CCN2C1)NC(=O)C3=CC(=C(C=C3OC)N)Cl)C4=CC=CC=C4,CC1(CC2CC(CCN2C1)NC(=O)C3=CC(=C(C=C3OC)N)Cl)C4=CC=CC=C4,Ki,>10000,nM,ChEMBL,CHEMBL265,CHEMBL45531,2900897
61,P18901,GCTKZGZNZBTSIN-UHFFFAOYSA-N,CN1CCN(CC1)C2=NC3=C(C=CN=C3)SC4=CC=CC=C42,CN1CCN(CC1)C2=NC3=C(C=CN=C3)SC4=CC=CC=C42,Ki,15488.17,nM,ChEMBL,CHEMBL265,CHEMBL151263,7907148
62,P18901,IMWNCWRNMUKPGO-UHFFFAOYSA-N,COC1=CC=CC(=C1)N2CCN(CC2)CCCCCCN3CCN(CC3)C4=CC(=CC=C4)OC,COC1=CC=CC(=C1)N2CCN(CC2)CCCCCCN3CCN(CC3)C4=CC(=CC=C4)OC,Ki,>1000,nM,ChEMBL,CHEMBL265,CHEMBL1172206,20481570
63,P18901,PTLXBYXMMYOTFF-OAHLLOKOSA-N,CC1=C(C2=C(CC3C4=C2C=CC=C4CCN3)C=C1)OC,CC1=C(C2=C(C[C@@H]3C4=C2C=CC=C4CCN3)C=C1)OC,Ki,>5000,nM,ChEMBL,CHEMBL265,CHEMBL117730,8784447
64,P18901,VXQGSKLYCJFAKI-UHFFFAOYSA-N,C1CNC(C2=CC(=C(C=C21)Cl)O)C3=CC=CC=C3,C1CNC(C2=CC(=C(C=C21)Cl)O)C3=CC=CC=C3,Ki,26300,nM,ChEMBL,CHEMBL265,CHEMBL446396,7996543
65,P18901,MWRWFSJANWAIKQ-LJQANCHMSA-N,CCCN1CCC2=C3C1CC4=CC=CC=C4C3=CC(=C2)OC,CCCN1CCC2=C3[C@H]1CC4=CC=CC=C4C3=CC(=C2)OC,Ki,>10000,nM,ChEMBL,CHEMBL265,CHEMBL480524,18585036
66,P18901,VGPQHQDBSBJSAG-UHFFFAOYSA-N,C1CN(CCN1CCCCNC(=O)C2=CC3=C(N2)C=CC(=C3)Cl)C4=C(C=C(C=C4)Cl)Cl,C1CN(CCN1CCCCNC(=O)C2=CC3=C(N2)C=CC(=C3)Cl)C4=C(C=C(C=C4)Cl)Cl,Ki,>10000,nM,ChEMBL,CHEMBL265,CHEMBL126889,12930145
67,P18901,UAKHJBZICLWRCE-MRXNPFEDSA-N,CC(C)N1CCC2=CC=CC3=C2C1CC4=C3C(=CC=C4)O,CC(C)N1CCC2=CC=CC3=C2[C@H]1CC4=C3C(=CC=C4)O,Ki,>10000,nM,ChEMBL,CHEMBL265,CHEMBL333725,8784448
68,P18901,UIOPJHSPYPVYDX-BQYQJAHWSA-N,CN(C)C1=CC=C(C=C1)C=CCN2CCC3=CC(=C(C=C3C(C2)C4=CC=CC=C4)OC)Cl,CN(C)C1=CC=C(C=C1)/C=C/CN2CCC3=CC(=C(C=C3C(C2)C4=CC=CC=C4)OC)Cl,Ki,>10000,nM,BindingDB,,50052737,8765528
69,P18901,OFAIGZWCDGNZGT-UHFFFAOYSA-N,CCN(CC)CCOC(=O)C1(CCCC1)C2=CC=CC=C2,CCN(CC)CCOC(=O)C1(CCCC1)C2=CC=CC=C2,Ki,>1000,nM,BindingDB,,73402,8027978
70,P18901,QGXORMKPUWUKLI-UHFFFAOYSA-N,C1CCN(CC1)C(=O)C2=CC(=CC=C2)CN3CCC(C3)C4=CC=C(C=C4)Cl,C1CCN(CC1)C(=O)C2=CC(=CC=C2)CN3CCC(C3)C4=CC=C(C=C4)Cl,Ki,37581,nM,ChEMBL,CHEMBL265,CHEMBL280534,10360740
71,P18901,GKLDXZHGPYSMOV-HTAPYJJXSA-N,CC1=CC=CC(=C1)C2=CC3=C(S2)CNC4C3C5=CC(=C(C=C5CC4)O)O,CC1=CC=CC(=C1)C2=CC3=C(S2)CN[C@@H]4[C@@H]3C5=CC(=C(C=C5CC4)O)O,Ki,>7500,nM,ChEMBL,CHEMBL265,CHEMBL416435,9171869
72,P18901,HSIWCIOUGIRMGE-UHFFFAOYSA-N,CCCN(C1CC2=C(C=CC=C2OC1)C(=O)N)C(C)C,CCCN(C1CC2=C(C=CC=C2OC1)C(=O)N)C(C)C,Ki,>1000,nM,BindingDB,,50090764,10956192
73,P18901,JJELBIARFJVXTD-UHFFFAOYSA-N,CN1CCC2=C3C(C1)CNC3=CC=C2,CN1CCC2=C3C(C1)CNC3=CC=C2,Ki,>1000,nM,ChEMBL,CHEMBL265,CHEMBL366377,9871525
74,P18901,BDSYECBSUUOPCT-UHFFFAOYSA-N,CC1=CC=C(C=C1)C2(CC2CN3CCC(CC3)(C4=CC=CC=C4)O)C(=O)OC,CC1=CC=C(C=C1)C2(CC2CN3CCC(CC3)(C4=CC=CC=C4)O)C(=O)OC,Ki,>10000,nM,BindingDB,,50206578,17328523
75,P18901,JYDCTFIFEUMCFH-HXUWFJFHSA-N,C1CN(C2CC3=C(C4=C2C1=CC=C4)C(=CC=C3)O)CC5=CC=CC=C5,C1CN([C@@H]2CC3=C(C4=C2C1=CC=C4)C(=CC=C3)O)CC5=CC=CC=C5,Ki,>3000,nM,BindingDB,,50052866,8784448
76,P18901,HCRXUFYSLPXCDW-UHFFFAOYSA-N,C1CN(CC[NH+]1CC(=O)[O-])C2=NC3=CC=CC=C3C=C2,C1CN(CC[NH+]1CC(=O)[O-])C2=NC3=CC=CC=C3C=C2,Ki,>10000,nM,ChEMBL,CHEMBL265,CHEMBL468498,19425598
77,P18901,WICKLEOONJPMEQ-UHFFFAOYSA-N,CC1=CC=CC=C1N2CCNCC2,CC1=CC=CC=C1N2CCNCC2,Ki,>1000,nM,ChEMBL,CHEMBL265,CHEMBL9746,2565400
78,P18901,GLAKGIIOQOOKAC-UHFFFAOYSA-N,C1CN(CCN1CC2=NC=CN2)C3=NC4=C(C=CC(=C4)F)N5C3=CC=C5,C1CN(CCN1CC2=NC=CN2)C3=NC4=C(C=CC(=C4)F)N5C3=CC=C5,Ki,>10000,nM,ChEMBL,CHEMBL265,CHEMBL571046,19831400
80,P18901,CJAWPFJGFFNXQI-UHFFFAOYSA-N,C1CN(CCN1)C2=CN=CC(=N2)Cl,C1CN(CCN1)C2=CN=CC(=N2)Cl,Ki,>1000,nM,ChEMBL,CHEMBL265,CHEMBL269521,2565400
81,P18901,BGRJTUBHPOOWDU-LLVKDONJSA-N,CCN1CCCC1CNC(=O)C2=C(C=CC(=C2)S(=O)(=O)N)OC,CCN1CCC[C@@H]1CNC(=O)C2=C(C=CC(=C2)S(=O)(=O)N)OC,Ki,>10000,nM,BindingDB,,81775,2415793
82,P18901,LGYJRJSIABNMNK-UHFFFAOYSA-N,CN1CC2=CC=CC=C2C3C1CCC4=CC(=C(C=C34)O)Br,CN1CC2=CC=CC=C2C3C1CCC4=CC(=C(C=C34)O)Br,Ki,>3000,nM,BindingDB,,50038351,7996543
83,P18901,RYRUUOFCTXRLPJ-UHFFFAOYSA-N,C1CN(CCN1CCCN=C(C2=CC=CC=N2)NC#N)C3=CC=CC=N3,C1CN(CCN1CCCN=C(C2=CC=CC=N2)NC#N)C3=CC=CC=N3,Ki,>10000,nM,BindingDB,,50359963,22133459
84,P18901,JGCVBGVDWQJTDF-HXUWFJFHSA-N,CCCCC(=O)OC1=CC=CC2=C1C3=C4C(C2)N(CCC4=CC=C3)CCC,CCCCC(=O)OC1=CC=CC2=C1C3=C4[C@@H](C2)N(CCC4=CC=C3)CCC,Ki,>20000,nM,BindingDB,,50202292,17228858
85,P18901,URBGRKGOMMSWMO-UHFFFAOYSA-N,COC1=CC2=C(CN3CCC4=CC(=C(C=C4C3C2)OCC5=CC=CC=C5)OCC6=CC=CC=C6)C=C1,COC1=CC2=C(CN3CCC4=CC(=C(C=C4C3C2)OCC5=CC=CC=C5)OCC6=CC=CC=C6)C=C1,Ki,40607,nM,ChEMBL,CHEMBL265,CHEMBL2425370,23974015
86,P18901,GPANICKLGIVBML-UHFFFAOYSA-N,COC1=CC=CC2=C1N3CCN(CC3=C2)CCCCN4CCN5C6=CC=CC=C6C=C5C4=O,COC1=CC=CC2=C1N3CCN(CC3=C2)CCCCN4CCN5C6=CC=CC=C6C=C5C4=O,Ki,>10000,nM,ChEMBL,CHEMBL265,CHEMBL495573,19072656
87,P18901,FASDKYOPVNHBLU-ZETCQYMHSA-N,CCCNC1CCC2=C(C1)SC(=N2)N,CCCN[C@H]1CCC2=C(C1)SC(=N2)N,Ki,>100000,nM,ChEMBL,CHEMBL265,CHEMBL301265,18785726
88,P18901,QDINHVYVESYLKG-UHFFFAOYSA-N,COC1=CC=CC=C1N2CCN(CC2)CCCN=C(C3=CC=CC=N3)NC#N,COC1=CC=CC=C1N2CCN(CC2)CCCN=C(C3=CC=CC=N3)NC#N,Ki,>10000,nM,BindingDB,,50359954,22133459
89,P18901,HNCAIEASLRMRKM-UHFFFAOYSA-N,C1CN(CCN1CC2=CNC3=C2C=CC=N3)C4=CC=C(C=C4)F,C1CN(CCN1CC2=CNC3=C2C=CC=N3)C4=CC=C(C=C4)F,Ki,>10000,nM,BindingDB,,50099893,11378358
90,P18901,VNZLQLYBRIOLFZ-UHFFFAOYSA-N,COC1=CC=CC=C1N2CCNCC2,COC1=CC=CC=C1N2CCNCC2,Ki,>1000,nM,ChEMBL,CHEMBL265,CHEMBL9666,2565400
91,P18901,CTKOQDQPYZTIFY-CYBMUJFWSA-N,C1CN(CCN1CC(C(=O)O)N)C2=NC3=C(C=CC(=C3)F)N4C2=CC=C4,C1CN(CCN1C[C@H](C(=O)O)N)C2=NC3=C(C=CC(=C3)F)N4C2=CC=C4,Ki,>10000,nM,ChEMBL,CHEMBL265,CHEMBL466462,19425598
92,P18901,FMDAKEXJKXHJKI-UHFFFAOYSA-N,C1CN(CCN1CCN2C(=O)C3=C(C=C(N3)C4=CC=CC=C4Cl)NC2=O)C5=CC=CC=C5Cl,C1CN(CCN1CCN2C(=O)C3=C(C=C(N3)C4=CC=CC=C4Cl)NC2=O)C5=CC=CC=C5Cl,Ki,>10000,nM,BindingDB,,50164348,15801833
93,P18901,FEROPKNOYKURCJ-ZDUSSCGKSA-N,COC1=CC(=C(C=C1C(=O)NC2CN3CCC2CC3)Cl)N,COC1=CC(=C(C=C1C(=O)N[C@H]2CN3CCC2CC3)Cl)N,Ki,>10000,nM,BindingDB,,50031475,1573641
94,P18901,AHOUBRCZNHFOSL-YOEHRIQHSA-N,C1CNCC(C1C2=CC=C(C=C2)F)COC3=CC4=C(C=C3)OCO4,C1CNC[C@H]([C@@H]1C2=CC=C(C=C2)F)COC3=CC4=C(C=C3)OCO4,Ki,>10000,nM,BindingDB,,22416,10379421
95,P18901,ORHIGFQDQVYZPJ-UHFFFAOYSA-N,C1CN2CCC3=CC(=C(C=C3C2C4=CC=CC=C41)O)O,C1CN2CCC3=CC(=C(C=C3C2C4=CC=CC=C41)O)O,Ki,>5000,nM,BindingDB,,50038348,7996543
97,P18901,ULYVPXBJTVSSBH-UHFFFAOYSA-N,COC1=CC=CC2=C1C3CCN(CC3=N2)CCCCNC(=O)C4=CC5=CC=CC=C5CN4,COC1=CC=CC2=C1C3CCN(CC3=N2)CCCCNC(=O)C4=CC5=CC=CC=C5CN4,Ki,>10000,nM,ChEMBL,CHEMBL265,CHEMBL517730,19072656
98,P18901,HGEYJZMMUGWEOT-UHFFFAOYSA-N,C1CN(CC=C1C2=CC=CC=C2)CCCCC3=CNC4=C3C=C(C=C4)O,C1CN(CC=C1C2=CC=CC=C2)CCCCC3=CNC4=C3C=C(C=C4)O,Ki,>10000,nM,ChEMBL,CHEMBL265,CHEMBL431367,8759640
99,P18901,PEPMTRGKCCXQQJ-UHFFFAOYSA-N,C1CN(CCN1CCCSC2=NC3=CC=CC=C3S2)C4=NC=CC=N4,C1CN(CCN1CCCSC2=NC3=CC=CC=C3S2)C4=NC=CC=N4,Ki,>10000,nM,ChEMBL,CHEMBL265,CHEMBL479026,18598015
100,P18901,JQFYCRLNYBLZGP-QGZVFWFLSA-N,CC1=C(C2=C(CC3C4=C2C=CC=C4CCN3C(C)C)C=C1)O,CC1=C(C2=C(C[C@@H]3C4=C2C=CC=C4CCN3C(C)C)C=C1)O,Ki,>10000,nM,BindingDB,,50052857,8784447
101,P18901,PZJGVCFSNKRINT-QGZVFWFLSA-N,CCCN1CCC2=CC=CC3=C2C1CC4=C3C(=CC=C4)OC,CCCN1CCC2=CC=CC3=C2[C@H]1CC4=C3C(=CC=C4)OC,Ki,>5000,nM,ChEMBL,CHEMBL265,CHEMBL119154,8784448
102,P18901,AGKWUSSOLCJWPA-UHFFFAOYSA-N,CC1=CC=C(C=C1)C2=CC3=C(N2)C(=O)N(C(=O)N3)CCN4CCN(CC4)C5=CC=CC=C5OC,CC1=CC=C(C=C1)C2=CC3=C(N2)C(=O)N(C(=O)N3)CCN4CCN(CC4)C5=CC=CC=C5OC,Ki,>10000,nM,BindingDB,,50164347,15801833
103,P18901,MUDQDDJDUSCNJB-OAQYLSRUSA-N,CCCCC(=O)OC1=CC=CC2=C1C3=CC(=CC4=C3C(C2)N(CC4)CCC)OC,CCCCC(=O)OC1=CC=CC2=C1C3=CC(=CC4=C3[C@@H](C2)N(CC4)CCC)OC,Ki,>10000,nM,ChEMBL,CHEMBL265,CHEMBL468056,19058967
104,P18901,DKNCSSURJOYOSO-UHFFFAOYSA-N,CC(C)N1C2=CC=CC=C2N(C1=O)C(=O)CC3CC4CCC(C3)N4C,CC(C)N1C2=CC=CC=C2N(C1=O)C(=O)CC3CC4CCC(C3)N4C,Ki,>10000,nM,BindingDB,,50005834,1573641
105,P18901,TZWBHWCSLLOIOT-UHFFFAOYSA-N,CN1CCC2=CC(=C(C=C2C(C1)CCCN(C)C)O)Cl,CN1CCC2=CC(=C(C=C2C(C1)CCCN(C)C)O)Cl,Ki,>1000,nM,ChEMBL,CHEMBL265,CHEMBL340324,"Bioorg. Med. Chem. Lett., (1992) 2:5:399"
107,P18901,PNVNVHUZROJLTJ-UHFFFAOYSA-N,CN(C)CC(C1=CC=C(C=C1)OC)C2(CCCCC2)O,CN(C)CC(C1=CC=C(C=C1)OC)C2(CCCCC2)O,Ki,>10000,nM,BindingDB,,82071,10379421
109,P18901,BSIXOZMGFYGXST-ZCFIWIBFSA-N,C1C(COC2=CC=CC(=C21)C(=O)N)N,C1[C@H](COC2=CC=CC(=C21)C(=O)N)N,Ki,>1000,nM,ChEMBL,CHEMBL265,CHEMBL2112388,10956192
110,P18901,OSEVIYJKDQCRJK-UHFFFAOYSA-N,C1CN(CCN1CCCCCCN2CCN(CC2)C3=CC=CC=N3)C4=CC=CC=N4,C1CN(CCN1CCCCCCN2CCN(CC2)C3=CC=CC=N3)C4=CC=CC=N4,Ki,>1000,nM,ChEMBL,CHEMBL265,CHEMBL1171644,20481570
112,P18901,OKEDLADWSOZTBR-UHFFFAOYSA-N,C1CC2=C(CC1N(CCCN)CCC3=CC=CC=C3)C=CC=C2O,C1CC2=C(CC1N(CCCN)CCC3=CC=CC=C3)C=CC=C2O,Ki,>1000,nM,BindingDB,,50054087,8863801
113,P18901,PANBMHHKBRMYAL-UHFFFAOYSA-N,CC1=CC=CC(=C1)C2=CSC3=C2C(=O)N(C(=O)N3)CCN4CCN(CC4)C5=CC=CC=C5OC,CC1=CC=CC(=C1)C2=CSC3=C2C(=O)N(C(=O)N3)CCN4CCN(CC4)C5=CC=CC=C5OC,Ki,12300,nM,ChEMBL,CHEMBL265,CHEMBL13856,11354357
115,P18901,XBGWTWPYCTZIIE-HXUWFJFHSA-N,C1CC(CC(=C1)C2=CC=CC=C2)CN3CCC(=CC3)C4=CC=CC=C4,C1C[C@H](CC(=C1)C2=CC=CC=C2)CN3CCC(=CC3)C4=CC=CC=C4,Ki,>10000,nM,BindingDB,,50048299,7932581
116,P18901,PBBOPFQFJAEPAI-OAQYLSRUSA-N,COC1=CC=CC2=C1C3=C4C(C2)N(CCC4=CC=C3)CC5=CC=CC=C5,COC1=CC=CC2=C1C3=C4[C@@H](C2)N(CCC4=CC=C3)CC5=CC=CC=C5,Ki,>10000,nM,BindingDB,,50052874,8784448
117,P18901,XSDQTOBWRPYKKA-UHFFFAOYSA-N,C1(=C(N=C(C(=N1)Cl)N)N)C(=O)N=C(N)N,C1(=C(N=C(C(=N1)Cl)N)N)C(=O)N=C(N)N,Ki,>10000,nM,BindingDB,,16173,1661335
118,P18901,JBPMHBLMULBWFU-LBPRGKRZSA-N,CCCN1CCCC(C1)C2=CC(=C(C=C2)O)O,CCCN1CCC[C@@H](C1)C2=CC(=C(C=C2)O)O,Ki,57800,nM,BindingDB,,50367281,3761308
119,P18901,QGJWYJSOGNAUCY-CQSZACIVSA-N,CN1CCC2=C3C1CC4=C(C3=CC(=C2)OC)C(=C(C=C4)O)O,CN1CCC2=C3[C@H]1CC4=C(C3=CC(=C2)OC)C(=C(C=C4)O)O,Ki,>10000,nM,ChEMBL,CHEMBL265,CHEMBL53445,18251489
121,P18901,KKIMDKMETPPURN-UHFFFAOYSA-N,C1CN(CCN1)C2=CC=CC(=C2)C(F)(F)F,C1CN(CCN1)C2=CC=CC(=C2)C(F)(F)F,Ki,>1000,nM,BindingDB,,50007406,2565400
122,P18901,DKGZKTPJOSAWFA-UHFFFAOYSA-N,C1CN(CCC12C(=O)NCN2C3=CC=CC=C3)CCCC(=O)C4=CC=C(C=C4)F,C1CN(CCC12C(=O)NCN2C3=CC=CC=C3)CCCC(=O)C4=CC=C(C=C4)F,Ki,>3000,nM,BindingDB,,21397,2525621
123,P18901,DLTDRUFHRWCSNO-UHFFFAOYSA-N,C1CN(CCN1CCCN=C(C2=CC=CC=N2)NC#N)C3=NC=CC=N3,C1CN(CCN1CCCN=C(C2=CC=CC=N2)NC#N)C3=NC=CC=N3,Ki,>10000,nM,BindingDB,,50359962,22133459
124,P18901,YZTJYBJCZXZGCT-UHFFFAOYSA-N,C1CN(CCN1)C2=CC=CC=C2,C1CN(CCN1)C2=CC=CC=C2,Ki,>1000,nM,ChEMBL,CHEMBL265,CHEMBL9434,2565400
125,P18901,IQYRBWJVVBVMOS-UHFFFAOYSA-N,COC1=CC=CC=C1N2CCN(CC2)CCNC(=O)C3=CC=NC=C3,COC1=CC=CC=C1N2CCN(CC2)CCNC(=O)C3=CC=NC=C3,Ki,>10000,nM,BindingDB,,50056031,26820556
126,P18901,NCNFDKWULDWJDS-OAHLLOKOSA-N,CC1=NC=CN1CC2CCC3=C(C2=O)C4=C5N3CCCC5=CC=C4,CC1=NC=CN1C[C@H]2CCC3=C(C2=O)C4=C5N3CCCC5=CC=C4,Ki,>10000,nM,ChEMBL,CHEMBL265,CHEMBL2103778,8246239
127,P18901,KGZWRXWYLPRJCF-UHFFFAOYSA-N,C1CN(CCN1CC2=CNC3=C2C=CC=N3)C4=CC=C(C=C4)C5=CC=CC=C5,C1CN(CCN1CC2=CNC3=C2C=CC=N3)C4=CC=C(C=C4)C5=CC=CC=C5,Ki,>10000,nM,BindingDB,,50099895,11378358
128,P18901,SHQIFENZRQKHGC-XFULWGLBSA-N,CC(C)N1CCC2=CC=CC3=C2C1CC4=C3C(=C(C=C4)O)O.Cl,CC(C)N1CCC2=CC=CC3=C2[C@H]1CC4=C3C(=C(C=C4)O)O.Cl,Ki,>10000,nM,ChEMBL,CHEMBL265,CHEMBL555279,2136919
130,P18901,LCBGLYREBZKLKZ-UHFFFAOYSA-N,CN1CCN(CC1)C2=NC3=C(N=CC=C3)N(C4=CC=CC=C42)C=O,CN1CCN(CC1)C2=NC3=C(N=CC=C3)N(C4=CC=CC=C42)C=O,Ki,47900,nM,BindingDB,,50040247,8101877
131,P18901,RQQAHFSSIAWEPI-UHFFFAOYSA-N,C1CCC(C1)(C2=CC=C(C=C2)[N+](=O)[O-])C(=O)OCCN3CCC(CC3)C4=CC=CC=C4.Cl,C1CCC(C1)(C2=CC=C(C=C2)[N+](=O)[O-])C(=O)OCCN3CCC(CC3)C4=CC=CC=C4.Cl,Ki,>58000,nM,ChEMBL,CHEMBL265,CHEMBL541284,8027978
132,P18901,KMEPUUUVCKDMTI-UHFFFAOYSA-N,CCCN1CCC2=C3C1CC4=CC=CC=C4CC3=CC(=C2)O,CCCN1CCC2=C3C1CC4=CC=CC=C4CC3=CC(=C2)O,Ki,30000,nM,BindingDB,,50202326,17228858
135,P18901,IAUNACXRZSWWJT-UHFFFAOYSA-N,COC1=CC=C(C=C1)N2CCN(CC2)CCC3C4=CC=CC=C4CCO3,COC1=CC=C(C=C1)N2CCN(CC2)CCC3C4=CC=CC=C4CCO3,Ki,>2400,nM,ChEMBL,CHEMBL265,CHEMBL71724,8691438
136,P18901,QFAQRVOFZAGAIX-BQYQJAHWSA-N,CN(C)C1=CC=C(C=C1)C=CCN2CCC3=CC(=C(C=C3C(C2)C4=CC=CC=C4)OC)Br,CN(C)C1=CC=C(C=C1)/C=C/CN2CCC3=CC(=C(C=C3C(C2)C4=CC=CC=C4)OC)Br,Ki,>10000,nM,ChEMBL,CHEMBL265,CHEMBL114143,8765528
138,P18901,KAVZPHXMOSLALD-UHFFFAOYSA-N,CCCN1CCC2=CC(=CC3=C2C1CC4=CC=CC=C4O3)O,CCCN1CCC2=CC(=CC3=C2C1CC4=CC=CC=C4O3)O,Ki,>10000,nM,ChEMBL,CHEMBL265,CHEMBL155066,17228858
139,P18901,WMCLJWPYJWRZJT-UHFFFAOYSA-N,CC1=C(C2=C(N1)C=CC=C2NC(=O)C3=CC=C(C=C3)F)CCN(C)C,CC1=C(C2=C(N1)C=CC=C2NC(=O)C3=CC=C(C=C3)F)CCN(C)C,Ki,>100000,nM,ChEMBL,CHEMBL265,CHEMBL339980,11708905
140,P18901,VFZQJEHONJLING-MRXNPFEDSA-N,CCCN1CCC2=CC=CC3=C2C1CC4=C3C(=C(C=C4)OS(=O)(=O)C(F)(F)F)OC,CCCN1CCC2=CC=CC3=C2[C@H]1CC4=C3C(=C(C=C4)OS(=O)(=O)C(F)(F)F)OC,Ki,>2000,nM,BindingDB,,50052849,8784447
141,P18901,ROPJFLMUAFHJGW-OAHLLOKOSA-N,CC(C)N1CCC2=CC=CC3=C2C1CC4=C3C(=C(C=C4)O)O,CC(C)N1CCC2=CC=CC3=C2[C@H]1CC4=C3C(=C(C=C4)O)O,Ki,>10000,nM,BindingDB,,50012992,2136919
144,P18901,NNGCXJPRHBHODU-UHFFFAOYSA-N,COC1=CC=C(C=C1)N2CCN(CC2)CC3=CNC4=C3C=CC=N4,COC1=CC=C(C=C1)N2CCN(CC2)CC3=CNC4=C3C=CC=N4,Ki,>10000,nM,BindingDB,,50075360,11378358
145,P18901,VOWPZTJZZPVECG-UHFFFAOYSA-N,CCOC1=CC=CC=C1N2CCN(CC2)CCCN=C(C3=CC=NC=C3)NC#N,CCOC1=CC=CC=C1N2CCN(CC2)CCCN=C(C3=CC=NC=C3)NC#N,Ki,>10000,nM,BindingDB,,50316970,20347301
146,P18901,DUINJXQXGUDXQC-OAHLLOKOSA-N,CN1CCC2=CC=CC3=C2C1CC4=CC=CC(=C43)C(=O)N,CN1CCC2=CC=CC3=C2[C@H]1CC4=CC=CC(=C43)C(=O)N,Ki,>4000,nM,ChEMBL,CHEMBL265,CHEMBL324073,8784448
147,P18901,FHIDPEUFJOUCRS-UHFFFAOYSA-N,CCCC1=CC=CC=C1N2CCNCC2,CCCC1=CC=CC=C1N2CCNCC2,Ki,>1000,nM,BindingDB,,50017451,2565400
148,P18901,VQZUPPBUGNMRJI-HKJQSTPSSA-N,COC1=CC(=C(C=C1C(=O)NC23CN4CCC2C3C4)Cl)N,COC1=CC(=C(C=C1C(=O)N[C@]23CN4CCC2C3C4)Cl)N,Ki,>10000,nM,ChEMBL,CHEMBL265,CHEMBL1907770,1573641
151,P18901,BRNJLENJYHXKEL-UHFFFAOYSA-N,C1CN(CCN1CC2=CN=CN2)C3=NC4=C(C=CC(=C4)F)N5C3=CC=C5,C1CN(CCN1CC2=CN=CN2)C3=NC4=C(C=CC(=C4)F)N5C3=CC=C5,Ki,>10000,nM,ChEMBL,CHEMBL265,CHEMBL566522,19831400
152,P18901,REHZDUZJCOTDRK-JOCHJYFZSA-N,CC1=C(C2=C(CC3C4=C2C=CC=C4CCN3CC5=CC=CC=C5)C=C1)OC,CC1=C(C2=C(C[C@@H]3C4=C2C=CC=C4CCN3CC5=CC=CC=C5)C=C1)OC,Ki,>5000,nM,ChEMBL,CHEMBL265,CHEMBL119223,8784447
153,P18901,KAPNJGZVRYPTJW-UHFFFAOYSA-N,C1CN(CC=C1C2=CC=CC=C2)CCC#CC3=CN=C(C=C3)N,C1CN(CC=C1C2=CC=CC=C2)CCC#CC3=CN=C(C=C3)N,Ki,>10000,nM,ChEMBL,CHEMBL265,CHEMBL109063,8759640
155,P18901,IAUNACXRZSWWJT-JOCHJYFZSA-N,COC1=CC=C(C=C1)N2CCN(CC2)CCC3C4=CC=CC=C4CCO3,COC1=CC=C(C=C1)N2CCN(CC2)CC[C@@H]3C4=CC=CC=C4CCO3,Ki,>2400,nM,BindingDB,,50051564,8691438
156,P18901,XXPANQJNYNUNES-UHFFFAOYSA-N,CN1CC(C2=C(C1)C(=CC=C2)N)C3=CC=CC=C3,CN1CC(C2=C(C1)C(=CC=C2)N)C3=CC=CC=C3,Ki,>10000,nM,BindingDB,,50005548,2530094
157,P18901,GXAJAEYMTGMWDK-UHFFFAOYSA-N,CC1=CC(=CC=C1)N2CCN(CC2)CCCCCCN3CCN(CC3)C4=CC=CC=N4,CC1=CC(=CC=C1)N2CCN(CC2)CCCCCCN3CCN(CC3)C4=CC=CC=N4,Ki,>1000,nM,BindingDB,,50322371,20481570
159,P18901,UORNTHBBLYBAJJ-UHFFFAOYSA-N,C1CN(CCN1)C2=CC=CC=C2O,C1CN(CCN1)C2=CC=CC=C2O,Ki,>1000,nM,ChEMBL,CHEMBL265,CHEMBL266250,2565400
160,P18901,WMRSRBAGXHRVKS-UHFFFAOYSA-N,C1CN(CCN1CCCON2C(=O)C3C4CC(C3C2=O)C=C4)C5=CC(=CC=C5)Cl,C1CN(CCN1CCCON2C(=O)C3C4CC(C3C2=O)C=C4)C5=CC(=CC=C5)Cl,Ki,>100000,nM,BindingDB,,50171888,16107148
161,P18901,BFQIOOYNLCWKIJ-UHFFFAOYSA-N,C1CN(CCN1CC2=CNC3=C2C=CC=N3)C4=CC=C(C=C4)C(F)(F)F,C1CN(CCN1CC2=CNC3=C2C=CC=N3)C4=CC=C(C=C4)C(F)(F)F,Ki,>10000,nM,ChEMBL,CHEMBL265,CHEMBL283036,11378358
162,P18901,BDGWDVARUQVWDY-UHFFFAOYSA-N,C1CN(CCN1CCNC(=O)C2=CC=NC=C2)C(C3=CC=C(C=C3)F)C4=CC=C(C=C4)F.Cl,C1CN(CCN1CCNC(=O)C2=CC=NC=C2)C(C3=CC=C(C=C3)F)C4=CC=C(C=C4)F.Cl,Ki,>10000,nM,BindingDB,,50145591,26820556
163,P18901,BJEUYJVVERSDAG-UHFFFAOYSA-N,C1CN2CC3=C(CC2C4=CC5=C(C=C41)OCO5)C=C(C=C3)O,C1CN2CC3=C(CC2C4=CC5=C(C=C41)OCO5)C=C(C=C3)O,Ki,32999,nM,ChEMBL,CHEMBL265,CHEMBL2425377,23974015
164,P18901,ZTXADXBIGLLOFX-UHFFFAOYSA-N,C1COCCN1C2=C(C=C(C=C2)N=CNO)Cl,C1COCCN1C2=C(C=C(C=C2)N=CNO)Cl,Ki,>10000,nM,BindingDB,,86694,15831442
165,P18901,FRICBZWJFIRJOB-UHFFFAOYSA-N,C1CN(CCN1)C2=CC=CC=C2C#N,C1CN(CCN1)C2=CC=CC=C2C#N,Ki,>1000,nM,ChEMBL,CHEMBL265,CHEMBL275943,2565400
166,P18901,JPCJGSJYXPPMAF-UHFFFAOYSA-N,C1CN(CCN1CCCN=C(C2=CC=NC=C2)NC#N)C3=CC=CC=N3,C1CN(CCN1CCCN=C(C2=CC=NC=C2)NC#N)C3=CC=CC=N3,Ki,>10000,nM,ChEMBL,CHEMBL265,CHEMBL1086961,20347301
167,P18901,SCCGREHYRSZMPG-GOSISDBHSA-N,CCCN1CCC2=CC=CC3=C2C1CC4=C3C(=C(C=C4)C)OC,CCCN1CCC2=CC=CC3=C2[C@H]1CC4=C3C(=C(C=C4)C)OC,Ki,>2000,nM,BindingDB,,50052856,8784447
168,P18901,XVBXWCZDWVVCOR-IDVLALEDSA-N,C1CC2C3=CC=CC=C3C(CN2C1)C4=CC(=C(C=C4)O)O.Br,C1C[C@@H]2C3=CC=CC=C3[C@@H](CN2C1)C4=CC(=C(C=C4)O)O.Br,Ki,>1000,nM,ChEMBL,CHEMBL265,CHEMBL1743819,3039136
169,P18901,FMNUYUVZQXAOTK-MRXNPFEDSA-N,CN1CCC2=C3C1CC4=C(C3=CC(=C2)O)C(=CC=C4)OCCO,CN1CCC2=C3[C@H]1CC4=C(C3=CC(=C2)O)C(=CC=C4)OCCO,Ki,>10000,nM,BindingDB,,50251445,18585036
170,P18901,IENZQIKPVFGBNW-UHFFFAOYSA-N,COC1=C(C=C2C(=C1)C(=NC(=N2)N3CCN(CC3)C(=O)C4=CC=CO4)N)OC,COC1=C(C=C2C(=C1)C(=NC(=N2)N3CCN(CC3)C(=O)C4=CC=CO4)N)OC,Ki,>5600,nM,BindingDB,,29568,12519065
172,P18901,IISOLZDJGFCWCP-UHFFFAOYSA-N,CN1CCC2=CC(=C(C3=C2C(=CN3C4=CC=C(C=C4)F)C1)O)O,CN1CCC2=CC(=C(C3=C2C(=CN3C4=CC=C(C=C4)F)C1)O)O,Ki,>1000,nM,ChEMBL,CHEMBL265,CHEMBL176363,9871525
173,P18901,PEUDHTAWXOYHKH-UHFFFAOYSA-N,CN1CCC2=C(C1C3=CC=CC=C3)C=C(C=C2)O,CN1CCC2=C(C1C3=CC=CC=C3)C=C(C=C2)O,Ki,>5000,nM,BindingDB,,50038346,7996543
174,P18901,RPTJAEIJXWMLAQ-CQSZACIVSA-N,CCCN(C1CCCC1)C2CC3=C(C=CC=C3OC2)C(=O)N,CCCN([C@@H]1CC2=C(C=CC=C2OC1)C(=O)N)C3CCCC3,Ki,>4000,nM,ChEMBL,CHEMBL265,CHEMBL3085224,10956192
176,P18901,PWZDJIUQHUGFRJ-UHFFFAOYSA-N,C1CN(CCN1)C2=CC=CC=C2Cl,C1CN(CCN1)C2=CC=CC=C2Cl,Ki,>1000,nM,ChEMBL,CHEMBL265,CHEMBL9841,2565400
177,P18901,NYBWBNYARFYGIA-WMCAAGNKSA-N,CCCN(CCC)C1CC(C2=CC=CC=C2C1)O,CCCN(CCC)C1C[C@@H](C2=CC=CC=C2C1)O,Ki,>50000,nM,BindingDB,,50283547,
180,P18901,WLHFUBIRAHRPHA-UHFFFAOYSA-N,CCCCN1CCC(CC1)COC(=O)C2=CC(=C(C3=C2OCCO3)N)F,CCCCN1CCC(CC1)COC(=O)C2=CC(=C(C3=C2OCCO3)N)F,Ki,>10000,nM,ChEMBL,CHEMBL265,CHEMBL1258671,20812727
181,P18901,BWMDINMAJBXMLE-UHFFFAOYSA-N,C1CN(CCN1CCCCCCN2CCN(CC2)C3=CC=CC=N3)C4=CC=CC=C4,C1CN(CCN1CCCCCCN2CCN(CC2)C3=CC=CC=N3)C4=CC=CC=C4,Ki,>1000,nM,BindingDB,,50322379,20481570
182,P18901,GKWHICIUSVVNGX-UHFFFAOYSA-N,CN(C)C1CCC2=C(C1)C3=C(N2)C=CC(=C3)NC(=O)C4=CC=C(C=C4)F,CN(C)C1CCC2=C(C1)C3=C(N2)C=CC(=C3)NC(=O)C4=CC=C(C=C4)F,Ki,>10000,nM,BindingDB,,85195,9395253
183,P18901,AJURAEJVSNFUBV-UHFFFAOYSA-N,C1CN(CCN1CCON2C(=O)C3C4CC(C3C2=O)C=C4)C5=CC=CC=C5Cl,C1CN(CCN1CCON2C(=O)C3C4CC(C3C2=O)C=C4)C5=CC=CC=C5Cl,Ki,>100000,nM,BindingDB,,50171890,16107148
184,P18901,RAPZEAPATHNIPO-UHFFFAOYSA-N,CC1=C(C(=O)N2CCCCC2=N1)CCN3CCC(CC3)C4=NOC5=C4C=CC(=C5)F,CC1=C(C(=O)N2CCCCC2=N1)CCN3CCC(CC3)C4=NOC5=C4C=CC(=C5)F,Ki,>10000,nM,BindingDB,,50001885,7520908
186,P18901,CVZMDIHZFOVDBI-UHFFFAOYSA-N,COC1=CC=C(C=C1)N2CCN(CC2)CCCN=C(C3=CC=CC=N3)NC#N,COC1=CC=C(C=C1)N2CCN(CC2)CCCN=C(C3=CC=CC=N3)NC#N,Ki,>10000,nM,ChEMBL,CHEMBL265,CHEMBL1927089,22133459
187,P18901,BGRJTUBHPOOWDU-NSHDSACASA-N,CCN1CCCC1CNC(=O)C2=C(C=CC(=C2)S(=O)(=O)N)OC,CCN1CCC[C@H]1CNC(=O)C2=C(C=CC(=C2)S(=O)(=O)N)OC,Ki,>10000,nM,BindingDB,,81774,2415793
188,P18901,FTSUPYGMFAPCFZ-ZWNOBZJWSA-N,CCCN1CCCC2C1CC3=C(C2)NN=C3,CCCN1CCC[C@H]2[C@H]1CC3=C(C2)NN=C3,Ki,316228,nM,BindingDB,,50018958,
190,P18901,ARHOPMHKOMJLQF-JKSUJKDBSA-N,C1CC2C3=CC=CC=C3C(CN2C1)C4=CC(=C(C=C4)O)O,C1C[C@@H]2C3=CC=CC=C3[C@@H](CN2C1)C4=CC(=C(C=C4)O)O,Ki,>1000,nM,BindingDB,,50367575,3039136
191,P18901,MKXCPBWJFXOHMC-UHFFFAOYSA-N,C1CNCCC2=C(C(=C(C=C21)O)O)C3=CC=C(C=C3)O,C1CNCCC2=C(C(=C(C=C21)O)O)C3=CC=C(C=C3)O,Ki,>3000,nM,BindingDB,,50025211,3761310
194,P18901,RQQJJXVETXFINY-UHFFFAOYSA-N,C1CCCN(CC1)C2=NC(=C(N=C2Cl)C(=O)N=C(N)N)N,C1CCCN(CC1)C2=NC(=C(N=C2Cl)C(=O)N=C(N)N)N,Ki,>10000,nM,BindingDB,,81818,1661335
195,P18901,HGWVDBLPHYBBTH-UHFFFAOYSA-N,C=CC1=CC=C(C=C1)N2CCN(CC2)CC3=CNC4=C3C=CC=N4,C=CC1=CC=C(C=C1)N2CCN(CC2)CC3=CNC4=C3C=CC=N4,Ki,>10000,nM,BindingDB,,50099889,11378358
197,P18901,YRYCIFUZSUMAAY-UHFFFAOYSA-N,C1CNC(C2=CC=CC=C21)CC3=CC=CC=C3,C1CNC(C2=CC=CC=C21)CC3=CC=CC=C3,Ki,248800,nM,BindingDB,,50017041,10937721
198,P18901,IVTZRJKKXSKXKO-UHFFFAOYSA-N,C1CN(CCN1)C2=CC=CC=C2F,C1CN(CCN1)C2=CC=CC=C2F,Ki,>1000,nM,BindingDB,,50017457,2565400
199,P18901,GUJRSXAPGDDABA-NSHDSACASA-N,CCN1CCCC1CNC(=O)C2=C(C=CC(=C2OC)Br)OC,CCN1CCC[C@H]1CNC(=O)C2=C(C=CC(=C2OC)Br)OC,Ki,>10000,nM,BindingDB,,50026045,9430133
202,P18901,OYSWCNPIGMZDAT-UHFFFAOYSA-N,CN1CCN(CC1)C2=NC3=C(C=CN=C3)NC4=CC=CC=C42,CN1CCN(CC1)C2=NC3=C(C=CN=C3)NC4=CC=CC=C42,Ki,13500,nM,ChEMBL,CHEMBL265,CHEMBL66730,8101877
203,P18901,MOZPSIXKYJUTKI-UHFFFAOYSA-N,CN1C=C(C2=CC=CC=C21)C(=O)OCC3CCN(CC3)CCNS(=O)(=O)C,CN1C=C(C2=CC=CC=C21)C(=O)OCC3CCN(CC3)CCNS(=O)(=O)C,Ki,>10000,nM,BindingDB,,29525,8012715
204,P18901,GQIZBYSOZMBSBW-GOSISDBHSA-N,CCCCN1CCC2=C3C1CC4=C(C3=CC(=C2)OC)C(=CC=C4)O,CCCCN1CCC2=C3[C@H]1CC4=C(C3=CC(=C2)OC)C(=CC=C4)O,Ki,>10000,nM,ChEMBL,CHEMBL265,CHEMBL406269,18251489
207,P18901,YNPHKRWUIFAKLL-UHFFFAOYSA-N,CCCCOC1=CC=CC=C1N2CCNCC2,CCCCOC1=CC=CC=C1N2CCNCC2,Ki,>1000,nM,BindingDB,,50017460,2565400
208,P18901,NKKUZNDFNOKSJF-UHFFFAOYSA-N,CCCN1CCC2=CC(=C(C3=C2C1CC4=CC=CC=C4C3)OC)OC,CCCN1CCC2=CC(=C(C3=C2C1CC4=CC=CC=C4C3)OC)OC,Ki,>70000,nM,BindingDB,,50202293,17228858
209,P18901,YWTAKDXVVAFCSC-UHFFFAOYSA-N,C1CN(CCN1CCCN=C(C2=CC=CC=N2)NC#N)C3=CC=CC4=CC=CC=C43,C1CN(CCN1CCCN=C(C2=CC=CC=N2)NC#N)C3=CC=CC4=CC=CC=C43,Ki,>10000,nM,BindingDB,,50346378,21440338
211,P18901,JNFBCMWINGLNPB-VIFPVBQESA-N,CCN1CCCC1CNC(=O)C2=C(C(=CC(=C2OC)Br)Br)O,CCN1CCC[C@H]1CNC(=O)C2=C(C(=CC(=C2OC)Br)Br)O,Ki,>10000,nM,BindingDB,,50026053,2869639
212,P18901,UZMHRPBLJWVAII-IBGZPJMESA-N,CCCN(CCC)C1CCC2=C(C=CC=C2C1)C3=C(C=CC=C3OC)OC,CCCN(CCC)[C@H]1CCC2=C(C=CC=C2C1)C3=C(C=CC=C3OC)OC,Ki,>1000,nM,ChEMBL,CHEMBL265,CHEMBL361875,15267230
213,P18901,USCDVFNXTCISHV-UHFFFAOYSA-N,CN1N=C(N=N1)C2=CC3=C(C=C2)N(C=C3C4CCN(CC4)CCN5CCNC5=O)C6=CC=C(C=C6)F,CN1N=C(N=N1)C2=CC3=C(C=C2)N(C=C3C4CCN(CC4)CCN5CCNC5=O)C6=CC=C(C=C6)F,Ki,>100,nM,BindingDB,,50122815,12519065
214,P18901,GWXIMTBMRWMHCD-OAQYLSRUSA-N,CC1=C(C2=C(CC3C4=C2C=CC=C4CCN3CC5=CC=CC=C5)C=C1)O,CC1=C(C2=C(C[C@@H]3C4=C2C=CC=C4CCN3CC5=CC=CC=C5)C=C1)O,Ki,>5000,nM,ChEMBL,CHEMBL265,CHEMBL332771,8784447
215,P18901,IAWYTCDIHYGEQM-UHFFFAOYSA-N,CN1CCN(CC1)C2=NC3=CC=CC=C3N(C4=C2C=CC=N4)C=O,CN1CCN(CC1)C2=NC3=CC=CC=C3N(C4=C2C=CC=N4)C=O,Ki,30200,nM,BindingDB,,50040240,8101877
217,P18901,AHDOWCJMWQLFRW-UHFFFAOYSA-N,CN1CCN(CC1)C2CN3C(=CC=C3SC4=C2C=C(C=C4)Cl)COC,CN1CCN(CC1)C2CN3C(=CC=C3SC4=C2C=C(C=C4)Cl)COC,Ki,>1000000,nM,ChEMBL,CHEMBL265,CHEMBL175226,14695828
218,P18901,YJXRBQIKJUJCPY-LMOVPXPDSA-N,C1COC(CN1)COC2=CC=CC3=C2OCC(=C3)CN4CCOCC4.Cl,C1CO[C@@H](CN1)COC2=CC=CC3=C2OCC(=C3)CN4CCOCC4.Cl,Ki,>10000,nM,ChEMBL,CHEMBL265,CHEMBL1202783,9599242
219,P18901,RZIJMFBERNFJML-UHFFFAOYSA-N,CC1=NC(=CC=C1)N2CCN(CC2)CCCCCCN3CCN(CC3)C4=CC=CC=C4,CC1=NC(=CC=C1)N2CCN(CC2)CCCCCCN3CCN(CC3)C4=CC=CC=C4,Ki,>1000,nM,BindingDB,,50322380,20481570
220,P18901,WSEQXVZVJXJVFP-UHFFFAOYSA-N,CN(C)CCCC1(C2=C(CO1)C=C(C=C2)C#N)C3=CC=C(C=C3)F,CN(C)CCCC1(C2=C(CO1)C=C(C=C2)C#N)C3=CC=C(C=C3)F,Ki,>10000,nM,BindingDB,,25870,10379421
222,P18901,PHGKHKLVMARJOV-UHFFFAOYSA-N,C=CCN1CCC2=C(C(=C(C=C2C(C1)C3=CC=CC=C3C(F)(F)F)O)O)Br,C=CCN1CCC2=C(C(=C(C=C2C(C1)C3=CC=CC=C3C(F)(F)F)O)O)Br,Ki,>10000,nM,BindingDB,,86272,12921854
224,P18901,TTWJBBZEZQICBI-UHFFFAOYSA-N,CCN(CC)CCNC(=O)C1=CC(=C(C=C1OC)N)Cl,CCN(CC)CCNC(=O)C1=CC(=C(C=C1OC)N)Cl,Ki,>10000,nM,BindingDB,,48320,2869639
225,P18901,UXCYHZPVNXGIRJ-UHFFFAOYSA-N,CC1=C2C(=CC=C1)N=C(C3=CC=CN32)N4CCN(CC4)CC5=CN=CN5,CC1=C2C(=CC=C1)N=C(C3=CC=CN32)N4CCN(CC4)CC5=CN=CN5,Ki,>10000,nM,BindingDB,,50299661,19831400
228,P18901,KXDROGADUISDGY-UHFFFAOYSA-N,C1=CC=C(C=C1)CN=C(N)NC(=O)C2=C(N=C(C(=N2)Cl)N)N,C1=CC=C(C=C1)CN=C(N)NC(=O)C2=C(N=C(C(=N2)Cl)N)N,Ki,>10000,nM,BindingDB,,81819,1661335
230,P18901,KQKPFRSPSRPDEB-UHFFFAOYSA-N,CNS(=O)(=O)CC1=CC2=C(C=C1)NC=C2CCN(C)C,CNS(=O)(=O)CC1=CC2=C(C=C1)NC=C2CCN(C)C,Ki,>10000,nM,BindingDB,,50005835,1573641
231,P18901,DDXVSTOHMBOXGN-GOSISDBHSA-N,CCCN1CCC2=CC=CC3=C2C1CC4=C3C(=CC=C4)OC(=O)C,CCCN1CCC2=CC=CC3=C2[C@H]1CC4=C3C(=CC=C4)OC(=O)C,Ki,>10000,nM,ChEMBL,CHEMBL265,CHEMBL255229,17228858
232,P18901,LEQQCMUWPDWHHF-OAQYLSRUSA-N,CN1CCC2=CC=CC3=C2C1CC4=CC=CC(=C43)C5=CC=CC=C5OC,CN1CCC2=CC=CC3=C2[C@H]1CC4=CC=CC(=C43)C5=CC=CC=C5OC,Ki,>3000,nM,ChEMBL,CHEMBL265,CHEMBL333085,8784448
235,P18901,OJGAXSYOOYSPGN-QGZVFWFLSA-N,CCCN1CCC2=CC=CC3=C2C1CC4=C3C(=C(C=C4)C)O,CCCN1CCC2=CC=CC3=C2[C@H]1CC4=C3C(=C(C=C4)C)O,Ki,>2000,nM,ChEMBL,CHEMBL265,CHEMBL119593,8784447
236,P18901,FKHBXKAEVUTBRK-UHFFFAOYSA-N,CCC1=CC=C(C=C1)N2CCN(CC2)CC3=CNC4=C3C=CC=N4,CCC1=CC=C(C=C1)N2CCN(CC2)CC3=CNC4=C3C=CC=N4,Ki,>10000,nM,BindingDB,,50099888,11378358
237,P18901,TYYMFSFOBIQMIB-UHFFFAOYSA-N,C1=CC(=C(C2=C1C3=CN=CC4=C(C=CC(=C34)N2)F)O)O,C1=CC(=C(C2=C1C3=CN=CC4=C(C=CC(=C34)N2)F)O)O,Ki,>10000,nM,BindingDB,,86468,14759732
238,P18901,RUFAUUMYKFPZQN-UHFFFAOYSA-N,C1CN(CCN1CCCON2C(=O)C3C4CC(C3C2=O)C=C4)C5=CC=CC6=CC=CC=C65,C1CN(CCN1CCCON2C(=O)C3C4CC(C3C2=O)C=C4)C5=CC=CC6=CC=CC=C65,Ki,>10000,nM,BindingDB,,50346375,21440338
239,P18901,JFSITZSZKVIEHK-UHFFFAOYSA-N,COC1=C(C2=C3C(CC4=CC=CC=C4C2)N(CCC3=C1)CC5=CC=CC=C5)OC,COC1=C(C2=C3C(CC4=CC=CC=C4C2)N(CCC3=C1)CC5=CC=CC=C5)OC,Ki,>60000,nM,ChEMBL,CHEMBL265,CHEMBL253949,17228858
240,P18901,JQQVFOBGUYOMQP-UHFFFAOYSA-N,CC(C)C1=CC=CC=C1N2CCNCC2,CC(C)C1=CC=CC=C1N2CCNCC2,Ki,>1000,nM,BindingDB,,50017450,2565400
241,P18901,RTKDBEOSPDFLGD-KRWDZBQOSA-N,C1COC(CN1)COC2=CC=CC3=C2OCC(=C3)CN4CCOCC4,C1CO[C@@H](CN1)COC2=CC=CC3=C2OCC(=C3)CN4CCOCC4,Ki,>10000,nM,BindingDB,,50369355,9599242
242,P18901,NTYJJOPFIAHURM-UHFFFAOYSA-N,C1=C(NC=N1)CCN,C1=C(NC=N1)CCN,Ki,>10000,nM,BindingDB,,7966,6387355
243,P18901,DMXFORFTCSBZNW-UHFFFAOYSA-N,C1CN(CCN1CCCON2C(=O)C3=CC=CC=C3N=N2)C4=CC=CC5=CC=CC=C54,C1CN(CCN1CCCON2C(=O)C3=CC=CC=C3N=N2)C4=CC=CC5=CC=CC=C54,Ki,>10000,nM,ChEMBL,CHEMBL265,CHEMBL1783349,21440338
244,P18901,XJZVCNGBKRTGFO-UHFFFAOYSA-N,CCCCC1=CC=CC=C1N2CCNCC2,CCCCC1=CC=CC=C1N2CCNCC2,Ki,>1000,nM,ChEMBL,CHEMBL265,CHEMBL9921,2565400
245,P18901,AHNRDNGNUMIWLX-UHFFFAOYSA-N,C1CN(CCN1CCCSC2=NC3=CC=CC=C3O2)C4=CC=CC=N4,C1CN(CCN1CCCSC2=NC3=CC=CC=C3O2)C4=CC=CC=N4,Ki,>10000,nM,BindingDB,,50262639,18598015
248,P18901,BCVMAEDRAYTSDX-UHFFFAOYSA-N,C1CN(CCN1CCNC(=O)C2=CC=NC=C2)C3=CC=CC=C3F,C1CN(CCN1CCNC(=O)C2=CC=NC=C2)C3=CC=CC=C3F,Ki,>10000,nM,BindingDB,,50145627,26820556
249,P18901,QGJWYJSOGNAUCY-UHFFFAOYSA-N,CN1CCC2=C3C1CC4=C(C3=CC(=C2)OC)C(=C(C=C4)O)O,CN1CCC2=C3C1CC4=C(C3=CC(=C2)OC)C(=C(C=C4)O)O,Ki,>10000,nM,BindingDB,,86894,18251489
252,P18901,VOKSWYLNZZRQPF-CCKFTAQKSA-N,CC1C2CC3=C(C1(CCN2CC=C(C)C)C)C=C(C=C3)O,C[C@@H]1[C@@H]2CC3=C([C@]1(CCN2CC=C(C)C)C)C=C(C=C3)O,Ki,>5000,nM,BindingDB,,50035131,8027978
254,P18901,SFLSHLFXELFNJZ-UHFFFAOYSA-N,C1=CC(=C(C=C1C(CN)O)O)O,C1=CC(=C(C=C1C(CN)O)O)O,Ki,>10000,nM,BindingDB,,35234,6387355
257,P18901,NPHXFGHJWTUJMQ-BTQNPOSSSA-N,C1CN(C2CC3=C(C4=C2C1=CC=C4)C(=C(C=C3)O)O)CC(C(F)(F)F)(F)F.Cl,C1CN([C@@H]2CC3=C(C4=C2C1=CC=C4)C(=C(C=C3)O)O)CC(C(F)(F)F)(F)F.Cl,Ki,>50000,nM,ChEMBL,CHEMBL265,CHEMBL558417,2136919
258,P18901,VHFVKMTVMIZMIK-UHFFFAOYSA-N,C1CN(CCN1)C2=CC(=CC=C2)Cl,C1CN(CCN1)C2=CC(=CC=C2)Cl,Ki,>1000,nM,BindingDB,,50001915,2565400
261,P18901,JHFSEBODCGAYRF-UHFFFAOYSA-N,CC1=C(C(=CC=C1)N2CCN(CC2)CCCN=C(C3=CC=CC=N3)NC#N)C,CC1=C(C(=CC=C1)N2CCN(CC2)CCCN=C(C3=CC=CC=N3)NC#N)C,Ki,>10000,nM,ChEMBL,CHEMBL265,CHEMBL1927092,22133459
262,P18901,MOIUZUKSUMOMKZ-UHFFFAOYSA-N,COC1=CC=CC=C1N2CCN(CC2)CCN3C(=O)C4=C(C=C(N4)C5=CC=C(C=C5)Cl)NC3=O,COC1=CC=CC=C1N2CCN(CC2)CCN3C(=O)C4=C(C=C(N4)C5=CC=C(C=C5)Cl)NC3=O,Ki,>10000,nM,BindingDB,,50164355,15801833
264,P18901,FELGMEQIXOGIFQ-UHFFFAOYSA-N,CC1=NC=CN1CC2CCC3=C(C2=O)C4=CC=CC=C4N3C,CC1=NC=CN1CC2CCC3=C(C2=O)C4=CC=CC=C4N3C,Ki,>10000,nM,BindingDB,,85330,8246239
266,P18901,KLSHYRCXYZZWFQ-UHFFFAOYSA-N,CC1=C(C(=CC=C1)N2CCN(CC2)CCCNC(=O)C3=CC=NC=C3)C,CC1=C(C(=CC=C1)N2CCN(CC2)CCCNC(=O)C3=CC=NC=C3)C,Ki,>10000,nM,BindingDB,,50145603,26820556
267,P18901,FPCCSQOGAWCVBH-UHFFFAOYSA-N,C1CN(CCC1C(=O)C2=CC=C(C=C2)F)CCN3C(=O)C4=CC=CC=C4NC3=O,C1CN(CCC1C(=O)C2=CC=C(C=C2)F)CCN3C(=O)C4=CC=CC=C4NC3=O,Ki,>3000,nM,ChEMBL,CHEMBL265,CHEMBL51,2525621
268,P18901,TZROCAJLBPLZRY-UHFFFAOYSA-N,CCCN1CCC2=C3C1CC4=CC=CC=C4CC3=CC(=C2)OC,CCCN1CCC2=C3C1CC4=CC=CC=C4CC3=CC(=C2)OC,Ki,11600,nM,ChEMBL,CHEMBL265,CHEMBL253737,17228858
272,P18901,GSDNUWIKENUUCL-UHFFFAOYSA-N,C1CCN(CC1)C(=O)C2=CC(=CC=C2)CN3CCC(C3)C4=CC=CC=C4,C1CCN(CC1)C(=O)C2=CC(=CC=C2)CN3CCC(C3)C4=CC=CC=C4,Ki,88099,nM,ChEMBL,CHEMBL265,CHEMBL281214,10360740
274,P18901,AUVXRDCLWMODQH-INIZCTEOSA-N,C=CCN1CCC2=CC=CC3=C2C1CC4=C3C(=CC=C4)O,C=CCN1CCC2=CC=CC3=C2[C@@H]1CC4=C3C(=CC=C4)O,Ki,>10000,nM,BindingDB,,50368144,1671415
279,P18901,ROGUAPYLUCHQGK-UHFFFAOYSA-N,CC(C)(C)C1=CC=C(C=C1)NC(=O)N2CCN(CC2)C3=C(C=CC=N3)Cl,CC(C)(C)C1=CC=C(C=C1)NC(=O)N2CCN(CC2)C3=C(C=CC=N3)Cl,Ki,>10000,nM,BindingDB,,50133817,12721338
280,P18901,TYDSNTMUQPPTLL-UHFFFAOYSA-N,CSC1=CC=C(C=C1)N2CCN(CC2)CC3=CNC4=C3C=CC=N4,CSC1=CC=C(C=C1)N2CCN(CC2)CC3=CNC4=C3C=CC=N4,Ki,>10000,nM,ChEMBL,CHEMBL265,CHEMBL28651,11378358
281,P18901,VWYRKMWREYNOQH-UHFFFAOYSA-N,C1CN(CCN1CCNC(=O)C2=CC=NC=C2)C3=CC=CC=C3Cl,C1CN(CCN1CCNC(=O)C2=CC=NC=C2)C3=CC=CC=C3Cl,Ki,>10000,nM,BindingDB,,50145623,26820556
283,P18901,SNPPWIUOZRMYNY-UHFFFAOYSA-N,CC(C(=O)C1=CC(=CC=C1)Cl)NC(C)(C)C,CC(C(=O)C1=CC(=CC=C1)Cl)NC(C)(C)C,Ki,>10000,nM,BindingDB,,50048392,2530094
289,P18901,CLYMXDQVLPUPJD-HNNXBMFYSA-N,CCC1=CC(=C(C(=C1O)C(=O)NCC2CCCN2CC)OC)CC,CCC1=CC(=C(C(=C1O)C(=O)NC[C@@H]2CCCN2CC)OC)CC,Ki,>10000,nM,BindingDB,,50026051,2869639
292,P18901,SZUAWSHWOGGCTK-UHFFFAOYSA-N,C1CN(CCN1CCN2C(=O)C3=C(C=CN3)NC2=O)C4=CC=CC=C4Cl,C1CN(CCN1CCN2C(=O)C3=C(C=CN3)NC2=O)C4=CC=CC=C4Cl,Ki,>10000,nM,BindingDB,,50164344,15801833
294,P18901,SWVCTRVZUDUHBL-QGZVFWFLSA-N,CC(C)N1CCC2=CC=CC3=C2C1CC4=C3C(=CC=C4)OC,CC(C)N1CCC2=CC=CC3=C2[C@H]1CC4=C3C(=CC=C4)OC,Ki,>10000,nM,ChEMBL,CHEMBL265,CHEMBL115402,8784448
295,P18901,KIFCSMQTGWVMOD-UHFFFAOYSA-N,C1CN(CCN1)C2=CC(=CC=C2)F,C1CN(CCN1)C2=CC(=CC=C2)F,Ki,>1000,nM,ChEMBL,CHEMBL265,CHEMBL269784,2565400
298,P18901,NVFJFPLZIORLGC-MRXNPFEDSA-N,CC(C)CN1CCC2=CC=CC3=C2C1CC4=C3C(=C(C=C4)O)O,CC(C)CN1CCC2=CC=CC3=C2[C@H]1CC4=C3C(=C(C=C4)O)O,Ki,>10000,nM,BindingDB,,50012993,2136919
299,P18901,HXQUNKIFYHBJDP-UHFFFAOYSA-N,CN(C)CCCCN1CCC2=CC(=C(C=C2C(C1)C3=CC=CC=C3)OC)Br,CN(C)CCCCN1CCC2=CC(=C(C=C2C(C1)C3=CC=CC=C3)OC)Br,Ki,>10000,nM,BindingDB,,50029350,7473556
300,P18901,GAYSOZKZPOVDSB-HZMBPMFUSA-N,COC1=CC(=C(C=C1C(=O)NCC2CCN3C2CCC3)Cl)N,COC1=CC(=C(C=C1C(=O)NC[C@@H]2CCN3[C@H]2CCC3)Cl)N,Ki,>10000,nM,ChEMBL,CHEMBL265,CHEMBL34291,1573641
301,P18901,SDJKZQGULMYBGL-UHFFFAOYSA-N,C1CN(CCN1CCON2C(=O)C3C4CC(C3C2=O)C=C4)C5=CC=CC(=C5)C(F)(F)F,C1CN(CCN1CCON2C(=O)C3C4CC(C3C2=O)C=C4)C5=CC=CC(=C5)C(F)(F)F,Ki,>100000,nM,BindingDB,,50171886,16107148
303,P18901,FVAVMEQKDWJQEM-UHFFFAOYSA-N,CC(C)NC1CC2=C(C=CC=C2OC1)C(=O)N,CC(C)NC1CC2=C(C=CC=C2OC1)C(=O)N,Ki,>1000,nM,BindingDB,,50090757,10956192
304,P18901,DHNFZLUQSVLKHW-UHFFFAOYSA-N,C1CN2CCC3=CC(=C(C=C3C2C4=CC=CC=C41)O)Cl,C1CN2CCC3=CC(=C(C=C3C2C4=CC=CC=C41)O)Cl,Ki,>5000,nM,BindingDB,,50038353,7996543
306,P18901,IAUNACXRZSWWJT-QFIPXVFZSA-N,COC1=CC=C(C=C1)N2CCN(CC2)CCC3C4=CC=CC=C4CCO3,COC1=CC=C(C=C1)N2CCN(CC2)CC[C@H]3C4=CC=CC=C4CCO3,Ki,>2400,nM,ChEMBL,CHEMBL265,CHEMBL309730,8691438
307,P18901,JKQPZWDOWPWNQV-UHFFFAOYSA-N,CCCN1CCC2=C3C1CC4=C(C=CC(=C4)O)OC3=CC=C2,CCCN1CCC2=C3C1CC4=C(C=CC(=C4)O)OC3=CC=C2,Ki,>10000,nM,BindingDB,,50202304,17228858
308,P18901,QJULELIONYLITF-UHFFFAOYSA-N,CC(C)OC1=CC=CC=C1N2CCNCC2,CC(C)OC1=CC=CC=C1N2CCNCC2,Ki,>1000,nM,BindingDB,,50017448,2565400
309,P18901,QCWCXCPPQKWURU-UHFFFAOYSA-N,COC1=CC=CC=C1N2CCN(CC2)CCCON3C(=O)C4C5CC(C4C3=O)C=C5,COC1=CC=CC=C1N2CCN(CC2)CCCON3C(=O)C4C5CC(C4C3=O)C=C5,Ki,>100000,nM,BindingDB,,50171884,16107148
310,P18901,VUTJSJLMAPBIJY-UHFFFAOYSA-N,CCOC(=O)C1=C(C2=C(N1)C=CC(=C2)CCN3C(=O)CNC3=O)CCN(C)C,CCOC(=O)C1=C(C2=C(N1)C=CC(=C2)CCN3C(=O)CNC3=O)CCN(C)C,Ki,32359.37,nM,ChEMBL,CHEMBL265,CHEMBL76480,9240350
312,P18901,ZIWNVFRTTBQUSJ-NRFANRHFSA-N,CCCN(CCCCNC(=O)C1=CC2=CC=CC=C2C=C1)C3CCC4=C(C3)SC(=N4)N,CCCN(CCCCNC(=O)C1=CC2=CC=CC=C2C=C1)[C@H]3CCC4=C(C3)SC(=N4)N,Ki,11000,nM,ChEMBL,CHEMBL265,CHEMBL492664,18785726
317,P18901,GTEJVFXEOPITIQ-UHFFFAOYSA-N,C1CN(CCN1CCON2C(=O)C3=CC=CC=C3N=N2)C4=CC=CC5=CC=CC=C54,C1CN(CCN1CCON2C(=O)C3=CC=CC=C3N=N2)C4=CC=CC5=CC=CC=C54,Ki,>10000,nM,BindingDB,,50346379,21440338
318,P18901,OGJGQVFWEPNYSB-UHFFFAOYSA-N,C1CN(CCN1CC2=CNC3=C2C=CC=N3)C4=CC=C(C=C4)Cl,C1CN(CCN1CC2=CNC3=C2C=CC=N3)C4=CC=C(C=C4)Cl,Ki,>10000,nM,ChEMBL,CHEMBL265,CHEMBL267014,11378358
319,P18901,IDBBDQXTEVOOKW-UHFFFAOYSA-N,COC1=CC=CC=C1N2CCN(CC2)CC3=CNC4=C3C=CC=N4,COC1=CC=CC=C1N2CCN(CC2)CC3=CNC4=C3C=CC=N4,Ki,>10000,nM,BindingDB,,50099890,11378358
320,P18901,FYXMKYUEPLSVBV-BTQNPOSSSA-N,C1CN(C2CC3=C(C4=C2C1=CC=C4)C(=C(C=C3)O)O)CC(F)(F)F.Cl,C1CN([C@@H]2CC3=C(C4=C2C1=CC=C4)C(=C(C=C3)O)O)CC(F)(F)F.Cl,Ki,>50000,nM,ChEMBL,CHEMBL265,CHEMBL555049,2136919
321,P18901,VTPLXEUSMDJJMM-UHFFFAOYSA-N,C1CN(CCN1CCCN2C(=O)C3=CC=CC=C3N=N2)C4=CC=CC5=CC=CC=C54,C1CN(CCN1CCCN2C(=O)C3=CC=CC=C3N=N2)C4=CC=CC5=CC=CC=C54,Ki,>10000,nM,ChEMBL,CHEMBL265,CHEMBL1783347,21440338
323,P18901,JDFGAOJLDPTWBF-UNTBIKODSA-N,CS(=O)(=O)O.C1COC(CN1)COC2=CC=CC3=C2OCC(=C3)CN4CCOCC4,CS(=O)(=O)O.C1CO[C@H](CN1)COC2=CC=CC3=C2OCC(=C3)CN4CCOCC4,Ki,>10000,nM,ChEMBL,CHEMBL265,CHEMBL1744087,9599242
324,P18901,LJVSVAFPJCZZNX-CQSZACIVSA-N,CN1CCC2=CC=CC3=C2C1CC4=C3C(=C(C=C4)OS(=O)(=O)C(F)(F)F)OC,CN1CCC2=CC=CC3=C2[C@H]1CC4=C3C(=C(C=C4)OS(=O)(=O)C(F)(F)F)OC,Ki,>2000,nM,BindingDB,,50052853,8784447
327,P18901,MKINKQXZCCTYOJ-UHFFFAOYSA-N,CN1CCC2=CC(=CC(=C2C1CC3=CC=CC=C3O)Br)OC,CN1CCC2=CC(=CC(=C2C1CC3=CC=CC=C3O)Br)OC,Ki,11748.98,nM,ChEMBL,CHEMBL265,CHEMBL158067,10691686
330,P18901,PVYSPGIMGUUTAL-DIPNUNPCSA-N,CCCCCCCCCCCCCCCCCCCCCC(=O)OC1=CC=CC2=C1C3=C4C(C2)N(CCC4=CC=C3)CCC,CCCCCCCCCCCCCCCCCCCCCC(=O)OC1=CC=CC2=C1C3=C4[C@@H](C2)N(CCC4=CC=C3)CCC,Ki,>10000,nM,BindingDB,,50202338,17228858
337,P18901,UBHYDQAARZKHEZ-UHFFFAOYSA-N,C1=CC(=CC=C1CCN=C(N)SCCCC2=CN=CN2)I,C1=CC(=CC=C1CCN=C(N)SCCCC2=CN=CN2)I,Ki,>10000,nM,BindingDB,,22913,8564266
347,P18901,NTJOBXMMWNYJFB-UHFFFAOYSA-N,CCN1CCCC1CNC(=O)C2=CC(=C(C=C2OC)N)S(=O)(=O)CC,CCN1CCCC1CNC(=O)C2=CC(=C(C=C2OC)N)S(=O)(=O)CC,Ki,>10000,nM,BindingDB,,81790,8996185
348,P18901,CTKOQDQPYZTIFY-ZDUSSCGKSA-N,C1CN(CCN1CC(C(=O)O)N)C2=NC3=C(C=CC(=C3)F)N4C2=CC=C4,C1CN(CCN1C[C@@H](C(=O)O)N)C2=NC3=C(C=CC(=C3)F)N4C2=CC=C4,Ki,>10000,nM,BindingDB,,50258462,19425598
355,P18901,AAOVKJBEBIDNHE-UHFFFAOYSA-N,CN1C(=O)CN=C(C2=C1C=CC(=C2)Cl)C3=CC=CC=C3,CN1C(=O)CN=C(C2=C1C=CC(=C2)Cl)C3=CC=CC=C3,Ki,>10000,nM,BindingDB,,50000766,6387355
356,P18901,BURMBJGIJZXZNP-UHFFFAOYSA-N,COC1=CC=CC2=C1C3=C(N2)CN(CC3)CCCCNC(=O)C4=NCC5=CC=CC=C5C4,COC1=CC=CC2=C1C3=C(N2)CN(CC3)CCCCNC(=O)C4=NCC5=CC=CC=C5C4,Ki,>10000,nM,BindingDB,,50265778,19072656
362,P18901,DGZNKZXCLRHNMR-UHFFFAOYSA-N,C1CN(CCN1CCCNC(=O)C2=CC=NC=C2)C3=NC=CC=N3,C1CN(CCN1CCCNC(=O)C2=CC=NC=C2)C3=NC=CC=N3,Ki,>10000,nM,ChEMBL,CHEMBL265,CHEMBL3764177,26820556
363,P18901,QMTSFMDPFYQGDZ-GOSISDBHSA-N,CN1CCC2=CC=CC3=C2C1CC4=C3C(=C(C=C4)C5=CC=CO5)OC,CN1CCC2=CC=CC3=C2[C@H]1CC4=C3C(=C(C=C4)C5=CC=CO5)OC,Ki,14000,nM,ChEMBL,CHEMBL265,CHEMBL119150,8784447
364,P18901,KUVDBGQRAUIWGG-UHFFFAOYSA-N,C1CN(CCN1CCCNC(=O)C2=CC=NC=C2)C3=CC=CC=C3F,C1CN(CCN1CCCNC(=O)C2=CC=NC=C2)C3=CC=CC=C3F,Ki,>10000,nM,BindingDB,,50145609,26820556
365,P18901,VYFYYTLLBUKUHU-UHFFFAOYSA-N,C1=CC(=C(C=C1CCN)O)O,C1=CC(=C(C=C1CCN)O)O,Ki,>1000,nM,BindingDB,,55121,8863801
366,P18901,JCBILKVEETVNCO-UHFFFAOYSA-N,COC1=CC=CC=C1N2CCN(CC2)CCNCC3=COC(=N3)C4=CC5=CC=CC=C5O4,COC1=CC=CC=C1N2CCN(CC2)CCNCC3=COC(=N3)C4=CC5=CC=CC=C5O4,Ki,>10000,nM,BindingDB,,50131927,12930145
367,P18901,AWPASOZUABXVOH-UHFFFAOYSA-N,CC1=CC(=CC=C1)N2CCN(CC2)CCCCCCN3CCN(CC3)C4=CC=CC=C4,CC1=CC(=CC=C1)N2CCN(CC2)CCCCCCN3CCN(CC3)C4=CC=CC=C4,Ki,>1000,nM,ChEMBL,CHEMBL265,CHEMBL1172734,20481570
368,P18901,HBRJQKKQLVXGLT-UHFFFAOYSA-N,C1CN(CCN1CCNC(=O)C2=CC=NC=C2)C3=CC=C(C=C3)F,C1CN(CCN1CCNC(=O)C2=CC=NC=C2)C3=CC=C(C=C3)F,Ki,>10000,nM,ChEMBL,CHEMBL265,CHEMBL3765231,26820556
369,P18901,ICIICPHBNXIOKJ-LJQANCHMSA-N,CCCN1CCC2=C3C1CC4=C(C3=CC(=C2)OC)C(=CC=C4)OC(=O)C,CCCN1CCC2=C3[C@H]1CC4=C(C3=CC(=C2)OC)C(=CC=C4)OC(=O)C,Ki,>10000,nM,ChEMBL,CHEMBL265,CHEMBL513174,19058967
370,P18901,YWGRWBCJUGEEBA-UHFFFAOYSA-N,C1CN(CCN1CCCCCCN2CCN(CC2)C3=CC(=CC=C3)Cl)C4=CC(=CC=C4)Cl,C1CN(CCN1CCCCCCN2CCN(CC2)C3=CC(=CC=C3)Cl)C4=CC(=CC=C4)Cl,Ki,>1000,nM,ChEMBL,CHEMBL265,CHEMBL1171823,20481570
371,P18901,JQQXUGWNTUCGOI-UHFFFAOYSA-N,C1CN(CCN1CCN2C(=O)C3=CC=CC=C3N=N2)C4=CC=CC5=CC=CC=C54,C1CN(CCN1CCN2C(=O)C3=CC=CC=C3N=N2)C4=CC=CC5=CC=CC=C54,Ki,>10000,nM,BindingDB,,50346374,21440338
373,P18901,FGXWKSZFVQUSTL-UHFFFAOYSA-N,C1CN(CCC1N2C3=C(C=C(C=C3)Cl)NC2=O)CCCN4C5=CC=CC=C5NC4=O,C1CN(CCC1N2C3=C(C=C(C=C3)Cl)NC2=O)CCCN4C5=CC=CC=C5NC4=O,Ki,>10000,nM,BindingDB,,50241107,2415793
374,P18901,OHKKNUFVKFSRIU-UHFFFAOYSA-N,C1CN(CCN1CC(=NO)N)C2=NC3=C(C=CC(=C3)F)N4C2=CC=C4,C1CN(CCN1C/C(=N/O)/N)C2=NC3=C(C=CC(=C3)F)N4C2=CC=C4,Ki,>10000,nM,ChEMBL,CHEMBL265,CHEMBL523716,19425598
375,P18901,CQEUVRXXXLSTIL-UHFFFAOYSA-N,CC1=CC(=CC=C1)N2CCN(CC2)CCCCCCN3CCN(CC3)C4=CC=CC(=C4)C,CC1=CC(=CC=C1)N2CCN(CC2)CCCCCCN3CCN(CC3)C4=CC=CC(=C4)C,Ki,>1000,nM,ChEMBL,CHEMBL265,CHEMBL1172204,20481570
377,P18901,STFIELBPKGAKNX-UHFFFAOYSA-N,C1CN(CC=C1C2=CC=CC=C2)CCC#CC3=CC=C(C=C3)N,C1CN(CC=C1C2=CC=CC=C2)CCC#CC3=CC=C(C=C3)N,Ki,>10000,nM,BindingDB,,50052531,8759640
379,P18901,JBPMHBLMULBWFU-GFCCVEGCSA-N,CCCN1CCCC(C1)C2=CC(=C(C=C2)O)O,CCCN1CCC[C@H](C1)C2=CC(=C(C=C2)O)O,Ki,13500,nM,BindingDB,,50367280,3761308
381,P18901,RBPGCCWXYDPSBT-CYBMUJFWSA-N,C1CN(C2CC3=C(C4=C2C1=CC=C4)C(=C(C=C3)O)O)CC(F)(F)F,C1CN([C@@H]2CC3=C(C4=C2C1=CC=C4)C(=C(C=C3)O)O)CC(F)(F)F,Ki,>50000,nM,BindingDB,,50012995,2136919
382,P18901,AVXGCGYACIYZAR-MRXNPFEDSA-N,CN1CCC2=CC(=C(C=C2C1C3=CC=CC=C3)O)Cl,CN1CCC2=CC(=C(C=C2[C@H]1C3=CC=CC=C3)O)Cl,Ki,19200,nM,ChEMBL,CHEMBL265,CHEMBL293158,7996543
384,P18901,WOPDWQCRTGCGSI-UHFFFAOYSA-N,CN(C)CCCCN1CCC2=CC(=C(C=C2C(C1)C3=CC=CC=C3)OC)Cl,CN(C)CCCCN1CCC2=CC(=C(C=C2C(C1)C3=CC=CC=C3)OC)Cl,Ki,>10000,nM,BindingDB,,50029337,7473556
386,P18901,SSSFLCBJDVGFJA-LLVKDONJSA-N,C1C2C3=C(CC4=C2C(=CC(=C4O)O)[N+](=O)[O-])C=CC=C3CN1,C1[C@@H]2C3=C(CC4=C2C(=CC(=C4O)O)[N+](=O)[O-])C=CC=C3CN1,Ki,>10000,nM,BindingDB,,86469,14759732
388,P18901,QGDRDWYAKNWQPW-UHFFFAOYSA-N,CN1CCC2=CC(=C(C3=C2C(C1)CN3C4=CC=C(C=C4)F)O)O,CN1CCC2=CC(=C(C3=C2C(C1)CN3C4=CC=C(C=C4)F)O)O,Ki,>1000,nM,ChEMBL,CHEMBL265,CHEMBL367981,9871525
391,P18901,WJFKNYWRSNBZNX-UHFFFAOYSA-N,C1=CC=C2C(=C1)NC3=CC=CC=C3S2,C1=CC=C2C(=C1)NC3=CC=CC=C3S2,Ki,>10000,nM,BindingDB,,50012855,2415793
393,P18901,DOVBELPPXZSOPX-UHFFFAOYSA-N,CCCN1CCC2=CC(=C(C3=C2C1CC4=CC=CC=C4C3)O)O,CCCN1CCC2=CC(=C(C3=C2C1CC4=CC=CC=C4C3)O)O,Ki,22300,nM,ChEMBL,CHEMBL265,CHEMBL404037,17228858
394,P18901,UAIMCCJYZHBQNQ-GOSISDBHSA-N,CCCN1CCC2=C3C1CC4=C(C3=CC(=C2)OCCO)C(=CC=C4)O,CCCN1CCC2=C3[C@H]1CC4=C(C3=CC(=C2)OCCO)C(=CC=C4)O,Ki,>10000,nM,BindingDB,,50251470,18585036
405,P18901,CDEXVBIHAFJWIQ-KEKNWZKVSA-N,C1CCC(CC1)C2CC3=C(C=CC(=C3O)O)C(O2)CNCC4=CC=CC=C4,C1CCC(CC1)C2CC3=C(C=CC(=C3O)O)[C@@H](O2)CNCC4=CC=CC=C4,Ki,>10000,nM,ChEMBL,CHEMBL265,CHEMBL315516,1652023
406,P18901,STECJAGHUSJQJN-UHFFFAOYSA-N,CN1C2CC(CC1C3C2O3)OC(=O)C(CO)C4=CC=CC=C4,CN1C2CC(CC1C3C2O3)OC(=O)C(CO)C4=CC=CC=C4,Ki,>10000,nM,BindingDB,,50015720,6387355
408,P18901,PWEZBNRZEHPIIQ-JTQLQIEISA-N,CCN1CCCC1CNC(=O)C2=C(C=CC(=C2O)Br)OC,CCN1CCC[C@H]1CNC(=O)C2=C(C=CC(=C2O)Br)OC,Ki,>10000,nM,BindingDB,,50007534,2869639
416,P18901,DUGKDCSYXCEMBF-UHFFFAOYSA-N,C1CCC(C1)(C2=CC=C(C=C2)[N+](=O)[O-])C(=O)OCCN3CCC(CC3)C4=CC=CC=C4,C1CCC(C1)(C2=CC=C(C=C2)[N+](=O)[O-])C(=O)OCCN3CCC(CC3)C4=CC=CC=C4,Ki,>58000,nM,BindingDB,,50038707,8027978
417,P18901,UEAKCKJAKUFIQP-HNNXBMFYSA-N,CCCN(C1CC2=C(C=CC=C2OC1)C(=O)NC(C)C)C(C)C,CCCN([C@H]1CC2=C(C=CC=C2OC1)C(=O)NC(C)C)C(C)C,Ki,>50000,nM,ChEMBL,CHEMBL265,CHEMBL2111582,10956192
419,P18901,SVRDMCXMTWERHI-UHFFFAOYSA-N,C1CNC2CC3=CC=CC=C3CC4=C2C1=CC(=C4O)O,C1CNC2CC3=CC=CC=C3CC4=C2C1=CC(=C4O)O,Ki,10800,nM,BindingDB,,50202297,17228858
427,P18901,YKRGOSHQVJQEJE-LBPRGKRZSA-N,CCC1=CC(=C(C(=C1O)C(=O)NCC2CCCN2CC)OC)Br,CCC1=CC(=C(C(=C1O)C(=O)NC[C@@H]2CCCN2CC)OC)Br,Ki,>10000,nM,BindingDB,,50026044,2869639
431,P18901,HSIWCIOUGIRMGE-GFCCVEGCSA-N,CCCN(C1CC2=C(C=CC=C2OC1)C(=O)N)C(C)C,CCCN([C@@H]1CC2=C(C=CC=C2OC1)C(=O)N)C(C)C,Ki,>1000,nM,ChEMBL,CHEMBL265,CHEMBL3085216,10956192
434,P18901,XNGLEHIRBWHLJU-UHFFFAOYSA-N,CCN1CCC2=C3C1CC4=CC=CC=C4CC3=CC(=C2)O,CCN1CCC2=C3C1CC4=CC=CC=C4CC3=CC(=C2)O,Ki,>20000,nM,BindingDB,,50202305,17228858
446,P18901,NSXWXRWMWCJXJX-UHFFFAOYSA-N,COC1=CC=C(C=C1)C2=CC3=C(N2)C(=O)N(C(=O)N3)CCCN4CCN(CC4)C5=CC=CC=C5OC,COC1=CC=C(C=C1)C2=CC3=C(N2)C(=O)N(C(=O)N3)CCCN4CCN(CC4)C5=CC=CC=C5OC,Ki,>10000,nM,BindingDB,,50164345,15801833
448,P18901,FVAVMEQKDWJQEM-SECBINFHSA-N,CC(C)NC1CC2=C(C=CC=C2OC1)C(=O)N,CC(C)N[C@@H]1CC2=C(C=CC=C2OC1)C(=O)N,Ki,>1000,nM,ChEMBL,CHEMBL265,CHEMBL3085223,10956192
449,P18901,AKMKMWQSLNWMNJ-UHFFFAOYSA-N,COC1=CC=CC2=C1N3CCN(CC3=C2)CCCCNC(=O)C4=CC5=CC=CC=C5CN4,COC1=CC=CC2=C1N3CCN(CC3=C2)CCCCNC(=O)C4=CC5=CC=CC=C5CN4,Ki,>10000,nM,ChEMBL,CHEMBL265,CHEMBL461023,19072656
450,P18901,ZPMNHBXQOOVQJL-UHFFFAOYSA-N,COCCCN1CCC(CC1)NC(=O)C2=CC(=C(C3=C2OCC3)N)Cl,COCCCN1CCC(CC1)NC(=O)C2=CC(=C(C3=C2OCC3)N)Cl,Ki,>10000,nM,BindingDB,,50122872,11438309
466,P18901,ZHZCEXHTNIXXPU-OAHLLOKOSA-N,CCCN(CCC)C1CC2=C(C=CC=C2OC1)C(=O)NC(C)C,CCCN(CCC)[C@@H]1CC2=C(C=CC=C2OC1)C(=O)NC(C)C,Ki,>1000,nM,ChEMBL,CHEMBL265,CHEMBL3084312,10956192
468,P18901,AADCDMQTJNYOSS-LBPRGKRZSA-N,CCC1=CC(=C(C(=C1O)C(=O)NCC2CCCN2CC)OC)Cl,CCC1=CC(=C(C(=C1O)C(=O)NC[C@@H]2CCCN2CC)OC)Cl,Ki,>10000,nM,BindingDB,,50007518,2869639
471,P18901,UEAKCKJAKUFIQP-OAHLLOKOSA-N,CCCN(C1CC2=C(C=CC=C2OC1)C(=O)NC(C)C)C(C)C,CCCN([C@@H]1CC2=C(C=CC=C2OC1)C(=O)NC(C)C)C(C)C,Ki,>50000,nM,ChEMBL,CHEMBL265,CHEMBL1742470,10956192
473,P18901,NYBWBNYARFYGIA-BZSJEYESSA-N,CCCN(CCC)C1CC(C2=CC=CC=C2C1)O,CCCN(CCC)C1C[C@H](C2=CC=CC=C2C1)O,Ki,>50000,nM,BindingDB,,50283546,
474,P18901,XLDORXGCMVUJKE-UHFFFAOYSA-N,COC1=CC=CC2=C1N3CCN(CC3=C2)CCCCNC(=O)C4=NCC5=CC=CC=C5C4,COC1=CC=CC2=C1N3CCN(CC3=C2)CCCCNC(=O)C4=NCC5=CC=CC=C5C4,Ki,>10000,nM,BindingDB,,50265777,19072656
477,P18901,KARBJGIUTPWBET-UHFFFAOYSA-N,CCCNC1CC2=C(C=CC=C2OC1)C(=O)N,CCCNC1CC2=C(C=CC=C2OC1)C(=O)N,Ki,>1000,nM,BindingDB,,50090754,10956192
482,P18901,RPTJAEIJXWMLAQ-UHFFFAOYSA-N,CCCN(C1CCCC1)C2CC3=C(C=CC=C3OC2)C(=O)N,CCCN(C1CCCC1)C2CC3=C(C=CC=C3OC2)C(=O)N,Ki,>4000,nM,BindingDB,,50090758,10956192
484,P18901,WAOQONBSWFLFPE-VIFPVBQESA-N,CCN1CCCC1CNC(=O)C2=C(C(=CC(=C2OC)Cl)Cl)O,CCN1CCC[C@H]1CNC(=O)C2=C(C(=CC(=C2OC)Cl)Cl)O,Ki,>10000,nM,BindingDB,,50005118,2869639
494,P18901,WVLHGCRWEHCIOT-UHFFFAOYSA-N,C1CN(CCN1)C2=C3C(=CC=C2)OCCO3,C1CN(CCN1)C2=C3C(=CC=C2)OCCO3,Ki,>10000,nM,BindingDB,,50035057,1982626
496,P18901,RTHCYVBBDHJXIQ-UHFFFAOYSA-N,CNCCC(C1=CC=CC=C1)OC2=CC=C(C=C2)C(F)(F)F,CNCCC(C1=CC=CC=C1)OC2=CC=C(C=C2)C(F)(F)F,Ki,>10000,nM,BindingDB,,30130,10379421
498,P18901,KTPLTHGGUDZSTN-PFEQFJNWSA-N,C1CN(C2CC3=C(C4=C2C1=CC=C4)C(=C(C=C3)O)O)CCO.Cl,C1CN([C@@H]2CC3=C(C4=C2C1=CC=C4)C(=C(C=C3)O)O)CCO.Cl,Ki,>10000,nM,ChEMBL,CHEMBL265,CHEMBL553060,2136919
501,P18901,NCNFDKWULDWJDS-UHFFFAOYSA-N,CC1=NC=CN1CC2CCC3=C(C2=O)C4=C5N3CCCC5=CC=C4,CC1=NC=CN1CC2CCC3=C(C2=O)C4=C5N3CCCC5=CC=C4,Ki,>10000,nM,BindingDB,,50042712,8246239
502,P18901,BUYWLMDHKBMZQX-UHFFFAOYSA-N,COC1=CC=C(C=C1)C2=CC3=C(N2)C(=O)N(C(=O)N3)CCN4CCN(CC4)C5=CC=CC=C5Cl,COC1=CC=C(C=C1)C2=CC3=C(N2)C(=O)N(C(=O)N3)CCN4CCN(CC4)C5=CC=CC=C5Cl,Ki,>10000,nM,ChEMBL,CHEMBL265,CHEMBL2113056,15801833
511,P18901,KARBJGIUTPWBET-SECBINFHSA-N,CCCNC1CC2=C(C=CC=C2OC1)C(=O)N,CCCN[C@@H]1CC2=C(C=CC=C2OC1)C(=O)N,Ki,>1000,nM,ChEMBL,CHEMBL265,CHEMBL3085218,10956192
516,P18901,JDUJZJYLYXZGTG-CYBMUJFWSA-N,C1CN(C2CC3=C(C4=C2C1=CC=C4)C(=C(C=C3)O)O)CC(C(F)(F)F)(F)F,C1CN([C@@H]2CC3=C(C4=C2C1=CC=C4)C(=C(C=C3)O)O)CC(C(F)(F)F)(F)F,Ki,>50000,nM,BindingDB,,50012988,2136919
521,P18901,CJOFXWAVKWHTFT-XSFVSMFZSA-N,COCCCCC(=NOCCN)C1=CC=C(C=C1)C(F)(F)F,COCCCC/C(=N\OCCN)/C1=CC=C(C=C1)C(F)(F)F,Ki,>10000,nM,BindingDB,,50028091,10379421
